43320_1967.txt,country:CHEf,party:SPS/PSS Social Democratic Party of Switzerland,year:1967,1.0,3697.0,0.000270562770563
43520_1987.txt,country:CHEf,party:CVP/PDC Christian Democratic People?s Party of Switzerland,year:1987,6.0,11814.0,0.000508130081301
43810_1971.txt,country:CHEf,party:SVP/UDC Swiss People?s Party,year:1971,0.0,825.0,0.0
43520_1971.txt,country:CHEf,party:CVP/PDC Christian Democratic People?s Party of Switzerland,year:1971,2.0,21712.0,9.21234454169e-05
43420_1971.txt,country:CHEf,party:FDP/PRD Radical Democratic Party,year:1971,2.0,7253.0,0.000275824024273
43420_1963.txt,country:CHEf,party:FDP/PRD Radical Democratic Party,year:1963,2.0,2109.0,0.000949216896061
43520_1975.txt,country:CHEf,party:CVP/PDC Christian Democratic People?s Party of Switzerland,year:1975,6.0,20544.0,0.000292141396436
43520_1983.txt,country:CHEf,party:CVP/PDC Christian Democratic People?s Party of Switzerland,year:1983,0.0,3864.0,0.0
43810_1979.txt,country:CHEf,party:SVP/UDC Swiss People?s Party,year:1979,0.0,5654.0,0.0
43520_1979.txt,country:CHEf,party:CVP/PDC Christian Democratic People?s Party of Switzerland,year:1979,5.0,15087.0,0.000331521018433
uklibdem_2005.txt,country:GBR,party:uklibdem,year:2005,17.0,16261.0,0.00104654026102
ukcons_2005.txt,country:GBR,party:ukcons,year:2005,7.0,7529.0,0.000930603562882
uklab_2005.txt,country:GBR,party:uklab,year:2005,17.0,24250.0,0.000701522716956
ukcons_1992.txt,country:GBR,party:ukcons,year:1992,8.0,29370.0,0.000272461004019
uklab_1992.txt,country:GBR,party:uklab,year:1992,6.0,11439.0,0.000524796641301
uklibdem_2001.txt,country:GBR,party:uklibdem,year:2001,16.0,20837.0,0.000768454925316
51320_2001.txt,country:GBR,party:Labour Labour Party,year:2001,16.0,30951.0,0.000517213512203
ukcons_2001.txt,country:GBR,party:ukcons,year:2001,20.0,13185.0,0.00151917964299
53520_1965.txt,country:IRL,party:Familiy of the Irish,year:1965,3.0,9892.0,0.000303367377895
53320_1965.txt,country:IRL,party:Labour Labour Party,year:1965,4.0,3617.0,0.00110711320232
53620_1965.txt,country:IRL,party:Soldiers of Destiny,year:1965,1.0,2810.0,0.000355998576006
53520_1997.txt,country:IRL,party:Familiy of the Irish,year:1997,17.0,24101.0,0.000705862813486
53420_1997.txt,country:IRL,party:PD Progressive Democrats,year:1997,17.0,13936.0,0.00122135210863
53620_1997.txt,country:IRL,party:Soldiers of Destiny,year:1997,21.0,37729.0,0.000556911000318
53320_1997.txt,country:IRL,party:Labour Labour Party,year:1997,23.0,32748.0,0.00070282658518
53221_1997.txt,country:IRL,party:DLP Democratic Left Party,year:1997,3.0,2598.0,0.00115606936416
53110_1997.txt,country:IRL,party:Greens Green Party,year:1997,11.0,9132.0,0.00120600811315
53620_1987.txt,country:IRL,party:Soldiers of Destiny,year:1987,14.0,14668.0,0.000955370547291
53320_1987.txt,country:IRL,party:Labour Labour Party,year:1987,2.0,6153.0,0.000325150382052
53220_1987.txt,country:IRL,party:WP Workers? Party,year:1987,34.0,15498.0,0.00219865494051
53420_1987.txt,country:IRL,party:PD Progressive Democrats,year:1987,1.0,4805.0,0.000208159866778
53520_1987.txt,country:IRL,party:Familiy of the Irish,year:1987,8.0,17062.0,0.00046909815879
53620_1977.txt,country:IRL,party:Soldiers of Destiny,year:1977,3.0,6860.0,0.000437509114773
53320_1977.txt,country:IRL,party:Labour Labour Party,year:1977,11.0,6769.0,0.00162770050311
53320_1982.txt,country:IRL,party:Labour Labour Party,year:1982,2.0,2877.0,0.000695652173913
53620_1982.txt,country:IRL,party:Soldiers of Destiny,year:1982,0.0,297.0,0.0
53220_1982.txt,country:IRL,party:WP Workers? Party,year:1982,11.0,7756.0,0.00142027114267
53520_1982.txt,country:IRL,party:Familiy of the Irish,year:1982,3.0,3969.0,0.000756429652042
53620_1973.txt,country:IRL,party:Soldiers of Destiny,year:1973,4.0,3013.0,0.00132934529744
53320_1973.txt,country:IRL,party:Labour Labour Party,year:1973,0.0,1180.0,0.0
53520_1973.txt,country:IRL,party:Familiy of the Irish,year:1973,0.0,1180.0,0.0
53420_1989.txt,country:IRL,party:PD Progressive Democrats,year:1989,4.0,4982.0,0.000803535556448
53520_1989.txt,country:IRL,party:Familiy of the Irish,year:1989,15.0,19744.0,0.000760302093365
53220_1989.txt,country:IRL,party:WP Workers? Party,year:1989,31.0,14984.0,0.00207316257607
53620_1989.txt,country:IRL,party:Soldiers of Destiny,year:1989,16.0,25561.0,0.000626345664514
53320_1989.txt,country:IRL,party:Labour Labour Party,year:1989,8.0,4015.0,0.0019965061143
53520_1992.txt,country:IRL,party:Familiy of the Irish,year:1992,8.0,3718.0,0.00215633423181
53420_1992.txt,country:IRL,party:PD Progressive Democrats,year:1992,5.0,3530.0,0.00141843971631
53221_1992.txt,country:IRL,party:DLP Democratic Left Party,year:1992,11.0,6431.0,0.00171339563863
53620_1992.txt,country:IRL,party:Soldiers of Destiny,year:1992,4.0,3781.0,0.00105904156738
53320_1992.txt,country:IRL,party:Labour Labour Party,year:1992,35.0,16394.0,0.00213949507916
53110_1992.txt,country:IRL,party:Greens Green Party,year:1992,9.0,3503.0,0.00257584430452
53620_1969.txt,country:IRL,party:Soldiers of Destiny,year:1969,0.0,651.0,0.0
53320_1969.txt,country:IRL,party:Labour Labour Party,year:1969,7.0,6846.0,0.00102354145343
53520_1969.txt,country:IRL,party:Familiy of the Irish,year:1969,9.0,9493.0,0.000948966680725
53520_2002.txt,country:IRL,party:Familiy of the Irish,year:2002,8.0,7467.0,0.00107252982974
53320_2002.txt,country:IRL,party:Labour Labour Party,year:2002,24.0,25034.0,0.000959616153539
53110_2002.txt,country:IRL,party:Greens Green Party,year:2002,28.0,9576.0,0.00293255131965
53620_2002.txt,country:IRL,party:Soldiers of Destiny,year:2002,24.0,32246.0,0.000744832722984
53420_2002.txt,country:IRL,party:PD Progressive Democrats,year:2002,11.0,31114.0,0.000353663633733
53520_1981.txt,country:IRL,party:Familiy of the Irish,year:1981,8.0,13934.0,0.000574465029441
53320_1981.txt,country:IRL,party:Labour Labour Party,year:1981,12.0,13137.0,0.000914285714286
53620_1981.txt,country:IRL,party:Soldiers of Destiny,year:1981,3.0,19529.0,0.000153641298781
22420_1994.txt,country:NLD,party:VVD People?s Party for Freedom and Democracy,year:1994,1.0,7916.0,0.000126342387871
22220_1994.txt,country:NLD,party:SP Socialist Party,year:1994,30.0,10591.0,0.0028406400909
22330_1994.txt,country:NLD,party:D?66 Democrats?66,year:1994,16.0,46699.0,0.000342737184842
22521_1994.txt,country:NLD,party:CDA Christian Democratic Appeal,year:1994,1.0,37268.0,2.68333914723e-05
22320_1994.txt,country:NLD,party:PvdA Labour Party,year:1994,56.0,41903.0,0.00133820823476
22701_1994.txt,country:NLD,party: ,year:1994,6.0,5527.0,0.00108675964499
22521_2006.txt,country:NLD,party:CDA Christian Democratic Appeal,year:2006,4.0,38416.0,0.000104134124753
22330_2006.txt,country:NLD,party:D?66 Democrats?66,year:2006,15.0,25163.0,0.000596468904088
22320_2006.txt,country:NLD,party:PvdA Labour Party,year:2006,27.0,36141.0,0.000747632497093
22220_2006.txt,country:NLD,party:SP Socialist Party,year:2006,21.0,31306.0,0.000671248202014
22601_2006.txt,country:NLD,party: ,year:2006,5.0,1380.0,0.00363636363636
22720_2002.txt,country:NLD,party:LPF List Pim Fortuyn,year:2002,1.0,3641.0,0.000274725274725
22521_2002.txt,country:NLD,party:CDA Christian Democratic Appeal,year:2002,2.0,21318.0,9.3826233815e-05
22420_2002.txt,country:NLD,party:VVD People?s Party for Freedom and Democracy,year:2002,3.0,18768.0,0.000159872102318
22320_2002.txt,country:NLD,party:PvdA Labour Party,year:2002,17.0,37120.0,0.000458183974342
22220_2002.txt,country:NLD,party:SP Socialist Party,year:2002,14.0,28568.0,0.00049029908244
22330_2002.txt,country:NLD,party:D?66 Democrats?66,year:2002,7.0,15579.0,0.000449524788081
32520_1996.txt,country:ITA,party:PPI Italian Popular Party,year:1996,2.0,1692.0,0.00118343195266
32310_1996.txt,country:ITA,party:Pannella-Sgarbi List,year:1996,3.0,666.0,0.00452488687783
32110_1996.txt,country:ITA,party:FdV Green Federation,year:1996,3.0,6913.0,0.000434153400868
32710_1996.txt,country:ITA,party:AN National Alliance,year:1996,88.0,44417.0,0.00198515644386
32720_1996.txt,country:ITA,party:LN Northern League,year:1996,28.0,20842.0,0.00134524839051
32321_1996.txt,country:ITA,party:RI Italian Renewal,year:1996,1.0,711.0,0.00140845070423
32212_1996.txt,country:ITA,party:PRC Communist Refoundation Party,year:1996,2.0,5378.0,0.000372023809524
32610_1996.txt,country:ITA,party:FI Go Italy,year:1996,0.0,1051.0,0.0
32521_1996.txt,country:ITA,party:CCD Christian Democratic Centre,year:1996,1.0,1603.0,0.000624219725343
32529_1996.txt,country:ITA,party:AD Democratic Alliance,year:1996,13.0,9676.0,0.00134533788678
32528_1994.txt,country:ITA,party:PI Pact for Italy,year:1994,30.0,17821.0,0.00168624585465
32951_1994.txt,country:ITA,party:LR The Network/Movement for Democracy,year:1994,2.0,899.0,0.00222965440357
32110_1994.txt,country:ITA,party:FdV Green Federation,year:1994,11.0,12895.0,0.000853772120459
32610_1994.txt,country:ITA,party:FI Go Italy,year:1994,22.0,15584.0,0.00141370003856
32710_1994.txt,country:ITA,party:AN National Alliance,year:1994,50.0,17196.0,0.00291613204246
32720_1994.txt,country:ITA,party:LN Northern League,year:1994,23.0,25508.0,0.000902491661762
32520_1994.txt,country:ITA,party:PPI Italian Popular Party,year:1994,9.0,13023.0,0.000691562932227
32212_1994.txt,country:ITA,party:PRC Communist Refoundation Party,year:1994,13.0,12413.0,0.00104838709677
32220_1994.txt,country:ITA,party:DS Democrats of the Left,year:1994,11.0,6060.0,0.00181848239378
32220_1987.txt,country:ITA,party:DS Democrats of the Left,year:1987,1.0,154.0,0.00653594771242
32110_1987.txt,country:ITA,party:FdV Green Federation,year:1987,12.0,5032.0,0.00239043824701
32520_1987.txt,country:ITA,party:PPI Italian Popular Party,year:1987,23.0,30048.0,0.000766028309742
32330_1987.txt,country:ITA,party:PSDI Italian Democratic Socialist Party,year:1987,24.0,10486.0,0.00229401644045
32410_1987.txt,country:ITA,party:PRI Italian Republican Party,year:1987,11.0,2901.0,0.0038062283737
32710_1987.txt,country:ITA,party:AN National Alliance,year:1987,11.0,1167.0,0.00951557093426
32320_1987.txt,country:ITA,party:PSI Italian Socialist Party,year:1987,10.0,7825.0,0.00127959053103
32420_1987.txt,country:ITA,party:PLI Italian Liberal Party,year:1987,10.0,7792.0,0.00128501670522
32410_1963.txt,country:ITA,party:PRI Italian Republican Party,year:1963,11.0,15544.0,0.000708169703213
32330_1963.txt,country:ITA,party:PSDI Italian Democratic Socialist Party,year:1963,1.0,1427.0,0.00070126227209
32710_1963.txt,country:ITA,party:AN National Alliance,year:1963,19.0,8763.0,0.00217291857274
32420_1963.txt,country:ITA,party:PLI Italian Liberal Party,year:1963,7.0,1333.0,0.0052790346908
32220_1972.txt,country:ITA,party:DS Democrats of the Left,year:1972,3.0,2677.0,0.00112191473448
32420_1972.txt,country:ITA,party:PLI Italian Liberal Party,year:1972,4.0,1249.0,0.00321285140562
32320_1972.txt,country:ITA,party:PSI Italian Socialist Party,year:1972,7.0,4676.0,0.00149925037481
32710_1972.txt,country:ITA,party:AN National Alliance,year:1972,3.0,1753.0,0.00171428571429
32330_1972.txt,country:ITA,party:PSDI Italian Democratic Socialist Party,year:1972,19.0,7926.0,0.00240293410902
32410_1972.txt,country:ITA,party:PRI Italian Republican Party,year:1972,10.0,5237.0,0.00191314329443
32410_1968.txt,country:ITA,party:PRI Italian Republican Party,year:1968,12.0,7361.0,0.00163287522112
32420_1968.txt,country:ITA,party:PLI Italian Liberal Party,year:1968,4.0,3536.0,0.00113250283126
32710_1968.txt,country:ITA,party:AN National Alliance,year:1968,6.0,3275.0,0.00183542367697
32993_2008.txt,country:ITA,party: ,year:2008,2.0,3537.0,0.000565770862801
32340_2008.txt,country:ITA,party: ,year:2008,0.0,408.0,0.0
32520_1992.txt,country:ITA,party:PPI Italian Popular Party,year:1992,50.0,47051.0,0.00106380715304
32220_1992.txt,country:ITA,party:DS Democrats of the Left,year:1992,10.0,4682.0,0.0021404109589
32330_1992.txt,country:ITA,party:PSDI Italian Democratic Socialist Party,year:1992,3.0,3891.0,0.000771604938272
32420_1992.txt,country:ITA,party:PLI Italian Liberal Party,year:1992,11.0,9759.0,0.00112843660238
32110_1992.txt,country:ITA,party:FdV Green Federation,year:1992,4.0,1716.0,0.00233644859813
32410_1992.txt,country:ITA,party:PRI Italian Republican Party,year:1992,4.0,2039.0,0.0019656019656
32710_1992.txt,country:ITA,party:AN National Alliance,year:1992,1.0,1422.0,0.000703729767769
32320_1992.txt,country:ITA,party:PSI Italian Socialist Party,year:1992,16.0,22595.0,0.000708623056823
32212_1992.txt,country:ITA,party:PRC Communist Refoundation Party,year:1992,9.0,7311.0,0.0012325390304
32710_1983.txt,country:ITA,party:AN National Alliance,year:1983,56.0,23770.0,0.00236147423463
32320_1983.txt,country:ITA,party:PSI Italian Socialist Party,year:1983,21.0,16542.0,0.001271109497
32211_1983.txt,country:ITA,party:DP Proletarian Democracy,year:1983,12.0,6455.0,0.00186248641937
32410_1983.txt,country:ITA,party:PRI Italian Republican Party,year:1983,31.0,19450.0,0.00159637468459
32220_1983.txt,country:ITA,party:DS Democrats of the Left,year:1983,44.0,28225.0,0.00156133565168
32330_1983.txt,country:ITA,party:PSDI Italian Democratic Socialist Party,year:1983,12.0,9105.0,0.00131969646981
32520_1983.txt,country:ITA,party:PPI Italian Popular Party,year:1983,13.0,10640.0,0.00122329914369
32420_1983.txt,country:ITA,party:PLI Italian Liberal Party,year:1983,8.0,8473.0,0.000945067926757
32420_1979.txt,country:ITA,party:PLI Italian Liberal Party,year:1979,30.0,21154.0,0.00142018557091
32330_1979.txt,country:ITA,party:PSDI Italian Democratic Socialist Party,year:1979,28.0,7782.0,0.0036110394635
32410_1979.txt,country:ITA,party:PRI Italian Republican Party,year:1979,14.0,5256.0,0.00267073636017
32710_1979.txt,country:ITA,party:AN National Alliance,year:1979,5.0,2467.0,0.00203086921202
32220_1979.txt,country:ITA,party:DS Democrats of the Left,year:1979,11.0,27728.0,0.000396868347945
32720_2001.txt,country:ITA,party:LN Northern League,year:2001,0.0,1872.0,0.0
32902_2001.txt,country:ITA,party:IdV List Di Pietro - Italy of Values,year:2001,40.0,29265.0,0.00136869118905
32220_2001.txt,country:ITA,party:DS Democrats of the Left,year:2001,16.0,29474.0,0.000543146174214
32710_2001.txt,country:ITA,party:AN National Alliance,year:2001,0.0,1872.0,0.0
32213_2001.txt,country:ITA,party:PdCI Party of Italian Communists,year:2001,16.0,29474.0,0.000543146174214
32329_2001.txt,country:ITA,party:Olive Tree,year:2001,16.0,29775.0,0.000537652474882
32901_2001.txt,country:ITA,party:DE European Democracy,year:2001,7.0,5221.0,0.00134253931722
32212_2001.txt,country:ITA,party:PRC Communist Refoundation Party,year:2001,57.0,64768.0,0.000880839424518
CasaDelleLiberta_2001.txt,country:ITA,party:CasaDelleLiberta,year:2001,0.0,3157.0,0.0
32610_2001.txt,country:ITA,party:FI Go Italy,year:2001,0.0,1872.0,0.0
32522_2001.txt,country:ITA,party:White Flower,year:2001,0.0,1872.0,0.0
32611_2001.txt,country:ITA,party:NPSI New Italian Socialist Party,year:2001,0.0,1872.0,0.0
32420_1976.txt,country:ITA,party:PLI Italian Liberal Party,year:1976,8.0,11333.0,0.000706401766004
32330_1976.txt,country:ITA,party:PSDI Italian Democratic Socialist Party,year:1976,20.0,12713.0,0.00157567163003
32220_1976.txt,country:ITA,party:DS Democrats of the Left,year:1976,15.0,14528.0,0.0010335561221
32310_1976.txt,country:ITA,party:Pannella-Sgarbi List,year:1976,21.0,7566.0,0.00278330019881
32710_1976.txt,country:ITA,party:AN National Alliance,year:1976,13.0,4332.0,0.00300995600834
32320_1976.txt,country:ITA,party:PSI Italian Socialist Party,year:1976,8.0,5297.0,0.00151257326527
32520_1976.txt,country:ITA,party:PPI Italian Popular Party,year:1976,31.0,16531.0,0.00187878787879
32410_1976.txt,country:ITA,party:PRI Italian Republican Party,year:1976,4.0,7083.0,0.000565051560955
83411_2011.txt,country:EST,party:K Estonian Center Party,year:2011,3.0,5093.0,0.000589390962672
83430_2011.txt,country:EST,party:ER Estonian Reform Party,year:2011,4.0,12891.0,0.000310390315822
43420_1967.txt,country:CHEg,party:FDP/PRD Radical Democratic Party,year:1967,2.0,5727.0,0.000349344978166
43520_1967.txt,country:CHEg,party:CVP/PDC Christian Democratic People?s Party of Switzerland,year:1967,0.0,1409.0,0.0
43810_1967.txt,country:CHEg,party:SVP/UDC Swiss People?s Party,year:1967,1.0,2328.0,0.000429737859905
43321_1967.txt,country:CHEg,party:LdU/AdI Independents? Alliance,year:1967,0.0,2769.0,0.0
43810_1987.txt,country:CHEg,party:SVP/UDC Swiss People?s Party,year:1987,1.0,11358.0,8.80514220305e-05
43320_1987.txt,country:CHEg,party:SPS/PSS Social Democratic Party of Switzerland,year:1987,22.0,27498.0,0.000800698791673
43110_1987.txt,country:CHEg,party:GPS/PES Green Party of Switzerland,year:1987,2.0,606.0,0.00331125827815
43420_1987.txt,country:CHEg,party:FDP/PRD Radical Democratic Party,year:1987,3.0,22156.0,0.000135421839029
43320_1971.txt,country:CHEg,party:SPS/PSS Social Democratic Party of Switzerland,year:1971,3.0,7204.0,0.000416608804333
43321_1971.txt,country:CHEg,party:LdU/AdI Independents? Alliance,year:1971,3.0,4548.0,0.000660066006601
43320_1963.txt,country:CHEg,party:SPS/PSS Social Democratic Party of Switzerland,year:1963,2.0,1232.0,0.00162601626016
43810_1963.txt,country:CHEg,party:SVP/UDC Swiss People?s Party,year:1963,0.0,1339.0,0.0
43520_1963.txt,country:CHEg,party:CVP/PDC Christian Democratic People?s Party of Switzerland,year:1963,1.0,3738.0,0.000267594327
43520_2003.txt,country:CHEg,party:CVP/PDC Christian Democratic People?s Party of Switzerland,year:2003,0.0,1294.0,0.0
43320_2003.txt,country:CHEg,party:SPS/PSS Social Democratic Party of Switzerland,year:2003,5.0,9292.0,0.00053838699257
43110_2003.txt,country:CHEg,party:GPS/PES Green Party of Switzerland,year:2003,0.0,1562.0,0.0
43420_2003.txt,country:CHEg,party:FDP/PRD Radical Democratic Party,year:2003,4.0,5706.0,0.000701508242722
43530_2003.txt,country:CHEg,party:EVP/PEV Protentant People?s Party of Switzerland,year:2003,1.0,1329.0,0.000753012048193
43710_2003.txt,country:CHEg,party:SD/DS Swiss Democrats,year:2003,3.0,3387.0,0.000886524822695
43810_1999.txt,country:CHEg,party:SVP/UDC Swiss People?s Party,year:1999,5.0,11650.0,0.000429368827823
43320_1999.txt,country:CHEg,party:SPS/PSS Social Democratic Party of Switzerland,year:1999,4.0,8227.0,0.000486440471847
43520_1999.txt,country:CHEg,party:CVP/PDC Christian Democratic People?s Party of Switzerland,year:1999,16.0,22715.0,0.000704876866822
43420_1999.txt,country:CHEg,party:FDP/PRD Radical Democratic Party,year:1999,1.0,4690.0,0.000213265088505
43110_1999.txt,country:CHEg,party:GPS/PES Green Party of Switzerland,year:1999,4.0,3575.0,0.00112013441613
43530_1999.txt,country:CHEg,party:EVP/PEV Protentant People?s Party of Switzerland,year:1999,1.0,1365.0,0.000733137829912
43321_1975.txt,country:CHEg,party:LdU/AdI Independents? Alliance,year:1975,2.0,3113.0,0.000642880102861
43420_1975.txt,country:CHEg,party:FDP/PRD Radical Democratic Party,year:1975,5.0,9592.0,0.000521539584854
43810_1975.txt,country:CHEg,party:SVP/UDC Swiss People?s Party,year:1975,0.0,894.0,0.0
43320_1975.txt,country:CHEg,party:SPS/PSS Social Democratic Party of Switzerland,year:1975,2.0,3650.0,0.000548245614035
43951_1991.txt,country:CHEg,party:FPS Freedom Party of Switzerland,year:1991,5.0,6457.0,0.00077495350279
43530_1991.txt,country:CHEg,party:EVP/PEV Protentant People?s Party of Switzerland,year:1991,1.0,4218.0,0.000237135404316
43810_1991.txt,country:CHEg,party:SVP/UDC Swiss People?s Party,year:1991,2.0,2288.0,0.00087489063867
43420_1991.txt,country:CHEg,party:FDP/PRD Radical Democratic Party,year:1991,1.0,3607.0,0.000277315585136
43710_1991.txt,country:CHEg,party:SD/DS Swiss Democrats,year:1991,4.0,3409.0,0.00117474302496
43520_1991.txt,country:CHEg,party:CVP/PDC Christian Democratic People?s Party of Switzerland,year:1991,1.0,5799.0,0.000172473266644
43110_1991.txt,country:CHEg,party:GPS/PES Green Party of Switzerland,year:1991,1.0,4082.0,0.000245037980887
43320_1991.txt,country:CHEg,party:SPS/PSS Social Democratic Party of Switzerland,year:1991,2.0,3677.0,0.000544217687075
43530_1995.txt,country:CHEg,party:EVP/PEV Protentant People?s Party of Switzerland,year:1995,1.0,865.0,0.00115740740741
43110_1995.txt,country:CHEg,party:GPS/PES Green Party of Switzerland,year:1995,5.0,2522.0,0.00198649185538
43321_1995.txt,country:CHEg,party:LdU/AdI Independents? Alliance,year:1995,3.0,2248.0,0.00133630289532
43520_1995.txt,country:CHEg,party:CVP/PDC Christian Democratic People?s Party of Switzerland,year:1995,1.0,1367.0,0.000732064421669
43320_1995.txt,country:CHEg,party:SPS/PSS Social Democratic Party of Switzerland,year:1995,2.0,3833.0,0.000522056904203
43420_1995.txt,country:CHEg,party:FDP/PRD Radical Democratic Party,year:1995,6.0,2728.0,0.00220426157237
43810_1995.txt,country:CHEg,party:SVP/UDC Swiss People?s Party,year:1995,0.0,6498.0,0.0
43810_1983.txt,country:CHEg,party:SVP/UDC Swiss People?s Party,year:1983,1.0,10495.0,9.52925481227e-05
43320_1983.txt,country:CHEg,party:SPS/PSS Social Democratic Party of Switzerland,year:1983,5.0,3630.0,0.00137931034483
43420_1983.txt,country:CHEg,party:FDP/PRD Radical Democratic Party,year:1983,4.0,3577.0,0.00111950741674
43320_1979.txt,country:CHEg,party:SPS/PSS Social Democratic Party of Switzerland,year:1979,19.0,11157.0,0.00170587179027
43420_1979.txt,country:CHEg,party:FDP/PRD Radical Democratic Party,year:1979,6.0,17700.0,0.000339097999322
21320_1965.txt,country:BELf,party:BSP/PSB Belgian Socialist Party,year:1965,2.0,13224.0,0.000151263046438
21520_1965.txt,country:BELf,party:PSC/CVP Francophone Christian Social Party and Flemish Christian People?s Party,year:1965,0.0,4385.0,0.0
21911_1978.txt,country:BELf,party:RW Walloon Rally,year:1978,5.0,21561.0,0.00023195398033
21422_1978.txt,country:BELf,party:PRL Liberal Reformation Party,year:1978,7.0,16946.0,0.000413247535274
21322_1978.txt,country:BELf,party:PS Francophone Socialist Party,year:1978,3.0,18036.0,0.000166361670271
21522_1978.txt,country:BELf,party:PSC Christian Social Party,year:1978,4.0,15039.0,0.000266045892917
21912_1978.txt,country:BELf,party:FDF Francophone Democratic Front,year:1978,2.0,4305.0,0.000464792005578
21424_1978.txt,country:BELf,party:PLDP Liberal Democratic and Pluralist Party,year:1978,0.0,821.0,0.0
21912_1987.txt,country:BELf,party:FDF Francophone Democratic Front,year:1987,6.0,26782.0,0.000224081266806
21422_1987.txt,country:BELf,party:PRL Liberal Reformation Party,year:1987,7.0,29190.0,0.000239865675222
21322_1987.txt,country:BELf,party:PS Francophone Socialist Party,year:1987,3.0,13827.0,0.000217013888889
21522_1987.txt,country:BELf,party:PSC Christian Social Party,year:1987,1.0,8427.0,0.000118680275338
21111_1987.txt,country:BELf,party:ECOLO Ecologists,year:1987,1.0,3577.0,0.000279642058166
21421_1971.txt,country:BELf,party:openVLD Open Flemish Liberals and Democrats,year:1971,1.0,9016.0,0.000110926234054
21912_1971.txt,country:BELf,party:FDF Francophone Democratic Front,year:1971,5.0,11228.0,0.00044551367727
21522_1971.txt,country:BELf,party:PSC Christian Social Party,year:1971,1.0,8305.0,0.0001204238921
21911_1971.txt,country:BELf,party:RW Walloon Rally,year:1971,4.0,6962.0,0.000574877838459
21320_1971.txt,country:BELf,party:BSP/PSB Belgian Socialist Party,year:1971,0.0,6591.0,0.0
21522_1977.txt,country:BELf,party:PSC Christian Social Party,year:1977,0.0,6311.0,0.0
21911_1977.txt,country:BELf,party:RW Walloon Rally,year:1977,1.0,3678.0,0.000271960837639
21912_1977.txt,country:BELf,party:FDF Francophone Democratic Front,year:1977,15.0,22786.0,0.000658732598481
21422_1977.txt,country:BELf,party:PRL Liberal Reformation Party,year:1977,4.0,6287.0,0.000636638548464
21320_1977.txt,country:BELf,party:BSP/PSB Belgian Socialist Party,year:1977,2.0,22866.0,8.74737578726e-05
21424_1977.txt,country:BELf,party:PLDP Liberal Democratic and Pluralist Party,year:1977,1.0,2218.0,0.000451059990979
21320_1974.txt,country:BELf,party:BSP/PSB Belgian Socialist Party,year:1974,3.0,3395.0,0.000884433962264
21911_1974.txt,country:BELf,party:RW Walloon Rally,year:1974,11.0,15915.0,0.000691649899396
21424_1974.txt,country:BELf,party:PLDP Liberal Democratic and Pluralist Party,year:1974,0.0,410.0,0.0
21522_1974.txt,country:BELf,party:PSC Christian Social Party,year:1974,2.0,5063.0,0.000395178818415
21521_1974.txt,country:BELf,party:CD&V Christian Democratic and Flemish,year:1974,1.0,4839.0,0.000206696982224
21422_1974.txt,country:BELf,party:PRL Liberal Reformation Party,year:1974,1.0,2831.0,0.000353356890459
21912_1974.txt,country:BELf,party:FDF Francophone Democratic Front,year:1974,10.0,20960.0,0.000477326968974
21522_2010.txt,country:BELf,party:PSC Christian Social Party,year:2010,44.0,148272.0,0.000296840003238
21322_2010.txt,country:BELf,party:PS Francophone Socialist Party,year:2010,7.0,51606.0,0.000135661543828
21426_2010.txt,country:BELf,party:MR Reform Movement,year:2010,18.0,124197.0,0.000144952045032
21111_2003.txt,country:BELf,party:ECOLO Ecologists,year:2003,0.0,4206.0,0.0
21522_2003.txt,country:BELf,party:PSC Christian Social Party,year:2003,25.0,142592.0,0.000175356148337
21322_2003.txt,country:BELf,party:PS Francophone Socialist Party,year:2003,14.0,80826.0,0.000173241597783
21522_1999.txt,country:BELf,party:PSC Christian Social Party,year:1999,5.0,13875.0,0.000360490266763
21425_1999.txt,country:BELf,party:PRL-FDF-MCC Liberal Reformation Party - Francophone Democratic Front - Citizens? Movement for Change,year:1999,17.0,63235.0,0.000268910753266
21322_1999.txt,country:BELf,party:PS Francophone Socialist Party,year:1999,1.0,22601.0,4.42477876106e-05
21322_2007.txt,country:BELf,party:PS Francophone Socialist Party,year:2007,33.0,119493.0,0.000276243093923
21522_2007.txt,country:BELf,party:PSC Christian Social Party,year:2007,50.0,123854.0,0.000403864172402
21426_2007.txt,country:BELf,party:MR Reform Movement,year:2007,31.0,132328.0,0.000234321262009
21522_1968.txt,country:BELf,party:PSC Christian Social Party,year:1968,0.0,6186.0,0.0
21320_1968.txt,country:BELf,party:BSP/PSB Belgian Socialist Party,year:1968,0.0,3598.0,0.0
21420_1968.txt,country:BELf,party:PVV/PLP Party of Liberty and Progress,year:1968,1.0,11205.0,8.9253837915e-05
21912_1968.txt,country:BELf,party:FDF Francophone Democratic Front,year:1968,12.0,12756.0,0.000941619585687
21522_1991.txt,country:BELf,party:PSC Christian Social Party,year:1991,4.0,15034.0,0.000266134397871
21322_1991.txt,country:BELf,party:PS Francophone Socialist Party,year:1991,4.0,28851.0,0.00013866259923
21912_1991.txt,country:BELf,party:FDF Francophone Democratic Front,year:1991,7.0,40973.0,0.000170873407216
21422_1991.txt,country:BELf,party:PRL Liberal Reformation Party,year:1991,2.0,5747.0,0.000348128807659
21111_1991.txt,country:BELf,party:ECOLO Ecologists,year:1991,10.0,69811.0,0.000143264423146
21420_1961.txt,country:BELf,party:PVV/PLP Party of Liberty and Progress,year:1961,0.0,2998.0,0.0
21320_1961.txt,country:BELf,party:BSP/PSB Belgian Socialist Party,year:1961,0.0,1689.0,0.0
21520_1961.txt,country:BELf,party:PSC/CVP Francophone Christian Social Party and Flemish Christian People?s Party,year:1961,0.0,718.0,0.0
21111_1995.txt,country:BELf,party:ECOLO Ecologists,year:1995,1.0,7306.0,0.000136892539357
21423_1995.txt,country:BELf,party:PRL-FDF Liberal Reformation Party - Francophone Democratic Front,year:1995,10.0,8069.0,0.00124084874054
21322_1995.txt,country:BELf,party:PS Francophone Socialist Party,year:1995,8.0,48768.0,0.000164068908942
21522_1995.txt,country:BELf,party:PSC Christian Social Party,year:1995,2.0,20174.0,9.91473329367e-05
21912_1985.txt,country:BELf,party:FDF Francophone Democratic Front,year:1985,6.0,14913.0,0.000402495471926
21522_1985.txt,country:BELf,party:PSC Christian Social Party,year:1985,4.0,14119.0,0.000283386468296
21322_1985.txt,country:BELf,party:PS Francophone Socialist Party,year:1985,4.0,23868.0,0.000167616493463
21422_1985.txt,country:BELf,party:PRL Liberal Reformation Party,year:1985,8.0,21204.0,0.000377429703718
21111_1985.txt,country:BELf,party:ECOLO Ecologists,year:1985,5.0,21093.0,0.000237101669196
21111_1981.txt,country:BELf,party:ECOLO Ecologists,year:1981,5.0,23247.0,0.000215127785905
21522_1981.txt,country:BELf,party:PSC Christian Social Party,year:1981,7.0,24024.0,0.000291460215681
21911_1981.txt,country:BELf,party:RW Walloon Rally,year:1981,11.0,27542.0,0.000399549598634
21912_1981.txt,country:BELf,party:FDF Francophone Democratic Front,year:1981,6.0,13838.0,0.000433776749566
21322_1981.txt,country:BELf,party:PS Francophone Socialist Party,year:1981,6.0,15066.0,0.000398406374502
21422_1981.txt,country:BELf,party:PRL Liberal Reformation Party,year:1981,7.0,9258.0,0.000756674954059
42110_1994.txt,country:AUT,party:GRšNE The Greens,year:1994,4.0,11486.0,0.000348371363874
42420_1994.txt,country:AUT,party:FP™ Austrian Freedom Party,year:1994,33.0,12342.0,0.00268096514745
42320_1994.txt,country:AUT,party:SP™ Austrian Social Democratic Party,year:1994,1.0,10871.0,9.19963201472e-05
42421_1994.txt,country:AUT,party:LIF Liberal Forum,year:1994,1.0,2591.0,0.0003861003861
42520_1994.txt,country:AUT,party:™VP Austrian People?s Party,year:1994,1.0,18944.0,5.27899487937e-05
42420_1971.txt,country:AUT,party:FP™ Austrian Freedom Party,year:1971,1.0,4008.0,0.000249563264287
42520_1971.txt,country:AUT,party:™VP Austrian People?s Party,year:1971,2.0,3031.0,0.000660283922086
42320_1971.txt,country:AUT,party:SP™ Austrian Social Democratic Party,year:1971,0.0,2260.0,0.0
42520_1986.txt,country:AUT,party:™VP Austrian People?s Party,year:1986,0.0,1864.0,0.0
42420_1986.txt,country:AUT,party:FP™ Austrian Freedom Party,year:1986,4.0,2146.0,0.00186741363212
42110_1986.txt,country:AUT,party:GRšNE The Greens,year:1986,7.0,6041.0,0.00116009280742
42320_1986.txt,country:AUT,party:SP™ Austrian Social Democratic Party,year:1986,4.0,7945.0,0.000503714897368
42710_2006.txt,country:AUT,party:BZ™ Alliance for the Future of Austria,year:2006,0.0,1027.0,0.0
42420_2006.txt,country:AUT,party:FP™ Austrian Freedom Party,year:2006,4.0,3973.0,0.00100781053162
42110_2006.txt,country:AUT,party:GRšNE The Greens,year:2006,2.0,8383.0,0.000238635007756
42320_2006.txt,country:AUT,party:SP™ Austrian Social Democratic Party,year:2006,3.0,7680.0,0.000390777647519
42520_2006.txt,country:AUT,party:™VP Austrian People?s Party,year:2006,5.0,18608.0,0.00026877385368
42320_1999.txt,country:AUT,party:SP™ Austrian Social Democratic Party,year:1999,2.0,8959.0,0.000223289047672
42110_1999.txt,country:AUT,party:GRšNE The Greens,year:1999,8.0,10106.0,0.000792236086354
42421_1999.txt,country:AUT,party:LIF Liberal Forum,year:1999,3.0,3005.0,0.000999333777482
42420_1999.txt,country:AUT,party:FP™ Austrian Freedom Party,year:1999,6.0,1629.0,0.00369685767098
42520_1999.txt,country:AUT,party:™VP Austrian People?s Party,year:1999,11.0,30061.0,0.000366056572379
42320_1966.txt,country:AUT,party:SP™ Austrian Social Democratic Party,year:1966,2.0,3213.0,0.000622858922454
42420_1966.txt,country:AUT,party:FP™ Austrian Freedom Party,year:1966,1.0,1028.0,0.000973709834469
42520_1966.txt,country:AUT,party:™VP Austrian People?s Party,year:1966,3.0,6319.0,0.000474984167194
42520_1975.txt,country:AUT,party:™VP Austrian People?s Party,year:1975,2.0,5577.0,0.000358744394619
42320_1975.txt,country:AUT,party:SP™ Austrian Social Democratic Party,year:1975,4.0,3933.0,0.00101807075592
42420_1975.txt,country:AUT,party:FP™ Austrian Freedom Party,year:1975,1.0,1890.0,0.000529380624669
42420_2008.txt,country:AUT,party:FP™ Austrian Freedom Party,year:2008,6.0,4970.0,0.00120870265915
42110_2008.txt,country:AUT,party:GRšNE The Greens,year:2008,7.0,5480.0,0.0012790060296
42320_2008.txt,country:AUT,party:SP™ Austrian Social Democratic Party,year:2008,12.0,12911.0,0.000930304674781
42710_2008.txt,country:AUT,party:BZ™ Alliance for the Future of Austria,year:2008,9.0,3979.0,0.00226700251889
42421_2008.txt,country:AUT,party:LIF Liberal Forum,year:2008,21.0,3386.0,0.00624071322437
42951_2008.txt,country:AUT,party: ,year:2008,29.0,5217.0,0.00558982266769
42520_2008.txt,country:AUT,party:™VP Austrian People?s Party,year:2008,4.0,5872.0,0.00068166325835
42952_2008.txt,country:AUT,party: ,year:2008,1.0,9135.0,0.000109481059777
42420_1990.txt,country:AUT,party:FP™ Austrian Freedom Party,year:1990,11.0,10704.0,0.00102871037127
42110_1990.txt,country:AUT,party:GRšNE The Greens,year:1990,48.0,27292.0,0.00176185582147
42520_1990.txt,country:AUT,party:™VP Austrian People?s Party,year:1990,7.0,7601.0,0.00092178035291
42320_1990.txt,country:AUT,party:SP™ Austrian Social Democratic Party,year:1990,5.0,11543.0,0.00043335066736
42420_1970.txt,country:AUT,party:FP™ Austrian Freedom Party,year:1970,3.0,4127.0,0.000727449078565
42520_1970.txt,country:AUT,party:™VP Austrian People?s Party,year:1970,0.0,6575.0,0.0
42320_1970.txt,country:AUT,party:SP™ Austrian Social Democratic Party,year:1970,2.0,1479.0,0.00135409614083
42320_1995.txt,country:AUT,party:SP™ Austrian Social Democratic Party,year:1995,4.0,3770.0,0.00106213489113
42420_1995.txt,country:AUT,party:FP™ Austrian Freedom Party,year:1995,0.0,1279.0,0.0
42520_1995.txt,country:AUT,party:™VP Austrian People?s Party,year:1995,2.0,3726.0,0.000537056928034
42110_1995.txt,country:AUT,party:GRšNE The Greens,year:1995,1.0,1431.0,0.000699300699301
42421_1995.txt,country:AUT,party:LIF Liberal Forum,year:1995,1.0,1872.0,0.00053447354356
42420_2002.txt,country:AUT,party:FP™ Austrian Freedom Party,year:2002,10.0,26831.0,0.000372842175907
42520_2002.txt,country:AUT,party:™VP Austrian People?s Party,year:2002,5.0,27252.0,0.000183506441076
42320_2002.txt,country:AUT,party:SP™ Austrian Social Democratic Party,year:2002,3.0,12073.0,0.000248550124275
42110_2002.txt,country:AUT,party:GRšNE The Greens,year:2002,3.0,7035.0,0.00042662116041
42421_2002.txt,country:AUT,party:LIF Liberal Forum,year:2002,29.0,14112.0,0.00205922033658
42520_1983.txt,country:AUT,party:™VP Austrian People?s Party,year:1983,4.0,2546.0,0.00157356412274
42320_1983.txt,country:AUT,party:SP™ Austrian Social Democratic Party,year:1983,6.0,13258.0,0.000452761847268
42420_1983.txt,country:AUT,party:FP™ Austrian Freedom Party,year:1983,2.0,6840.0,0.000292483182217
42420_1979.txt,country:AUT,party:FP™ Austrian Freedom Party,year:1979,1.0,2942.0,0.000340020401224
42320_1979.txt,country:AUT,party:SP™ Austrian Social Democratic Party,year:1979,7.0,8477.0,0.000826446280992
12420_1965.txt,country:NOR,party:V Liberal Party,year:1965,3.0,6160.0,0.000487250284229
12520_1965.txt,country:NOR,party:KrF Christian People?s Party,year:1965,0.0,7378.0,0.0
12810_1965.txt,country:NOR,party:Sp Centre Party,year:1965,5.0,8842.0,0.000565802874279
12320_1965.txt,country:NOR,party:DnA Norwegian Labour Party,year:1965,0.0,9580.0,0.0
12620_1965.txt,country:NOR,party:H Conservative Party,year:1965,1.0,19374.0,5.16182315594e-05
12221_1965.txt,country:NOR,party:SV Socialist Left Party,year:1965,2.0,6318.0,0.000316656111463
12810_1997.txt,country:NOR,party:Sp Centre Party,year:1997,4.0,35711.0,0.000112022852662
12320_1997.txt,country:NOR,party:DnA Norwegian Labour Party,year:1997,0.0,65180.0,0.0
12520_1997.txt,country:NOR,party:KrF Christian People?s Party,year:1997,3.0,17751.0,0.000169033130494
12420_1997.txt,country:NOR,party:V Liberal Party,year:1997,6.0,22495.0,0.000266797100805
12221_1997.txt,country:NOR,party:SV Socialist Left Party,year:1997,12.0,46050.0,0.000260654242148
12620_1997.txt,country:NOR,party:H Conservative Party,year:1997,4.0,14825.0,0.000269887322043
12951_1997.txt,country:NOR,party:FrP Progress Party,year:1997,21.0,29362.0,0.000715722027197
12420_1977.txt,country:NOR,party:V Liberal Party,year:1977,2.0,14177.0,0.000141093474427
12520_1977.txt,country:NOR,party:KrF Christian People?s Party,year:1977,2.0,12307.0,0.000162535554653
12951_1977.txt,country:NOR,party:FrP Progress Party,year:1977,6.0,19686.0,0.00030487804878
12320_1977.txt,country:NOR,party:DnA Norwegian Labour Party,year:1977,0.0,13193.0,0.0
12620_1977.txt,country:NOR,party:H Conservative Party,year:1977,0.0,21352.0,0.0
12810_1977.txt,country:NOR,party:Sp Centre Party,year:1977,3.0,19424.0,0.000154471963339
12221_1977.txt,country:NOR,party:SV Socialist Left Party,year:1977,3.0,15757.0,0.000190427827853
12951_1993.txt,country:NOR,party:FrP Progress Party,year:1993,22.0,23996.0,0.000917660799199
12520_1993.txt,country:NOR,party:KrF Christian People?s Party,year:1993,5.0,14077.0,0.000355315520182
12221_1993.txt,country:NOR,party:SV Socialist Left Party,year:1993,15.0,30922.0,0.000485326948588
12320_1993.txt,country:NOR,party:DnA Norwegian Labour Party,year:1993,1.0,16931.0,5.90667454223e-05
12810_1993.txt,country:NOR,party:Sp Centre Party,year:1993,9.0,28905.0,0.00031146179402
12420_1993.txt,country:NOR,party:V Liberal Party,year:1993,38.0,20087.0,0.00189535637688
12620_1993.txt,country:NOR,party:H Conservative Party,year:1993,5.0,16476.0,0.000303563839475
12420_1973.txt,country:NOR,party:V Liberal Party,year:1973,0.0,11931.0,0.0
12810_1973.txt,country:NOR,party:Sp Centre Party,year:1973,4.0,14542.0,0.000275141009768
12221_1973.txt,country:NOR,party:SV Socialist Left Party,year:1973,2.0,12490.0,0.000160153747598
12320_1973.txt,country:NOR,party:DnA Norwegian Labour Party,year:1973,1.0,16298.0,6.13609866847e-05
12620_1973.txt,country:NOR,party:H Conservative Party,year:1973,2.0,16053.0,0.000124602828484
12520_1973.txt,country:NOR,party:KrF Christian People?s Party,year:1973,0.0,13670.0,0.0
12620_1989.txt,country:NOR,party:H Conservative Party,year:1989,2.0,42960.0,4.6557102286e-05
12420_1989.txt,country:NOR,party:V Liberal Party,year:1989,9.0,20911.0,0.000430580805665
12810_1989.txt,country:NOR,party:Sp Centre Party,year:1989,2.0,24194.0,8.2671957672e-05
12320_1989.txt,country:NOR,party:DnA Norwegian Labour Party,year:1989,3.0,30729.0,9.76371802382e-05
12520_1989.txt,country:NOR,party:KrF Christian People?s Party,year:1989,3.0,15272.0,0.000196476521056
12951_1989.txt,country:NOR,party:FrP Progress Party,year:1989,13.0,17124.0,0.000759745193151
12221_1989.txt,country:NOR,party:SV Socialist Left Party,year:1989,13.0,25496.0,0.00051014401758
12221_1961.txt,country:NOR,party:SV Socialist Left Party,year:1961,3.0,4787.0,0.000627090301003
12620_1961.txt,country:NOR,party:H Conservative Party,year:1961,1.0,16128.0,6.20078129844e-05
12420_1961.txt,country:NOR,party:V Liberal Party,year:1961,1.0,4916.0,0.000203458799593
12320_1961.txt,country:NOR,party:DnA Norwegian Labour Party,year:1961,0.0,7871.0,0.0
12520_1961.txt,country:NOR,party:KrF Christian People?s Party,year:1961,1.0,4477.0,0.000223413762288
12810_1961.txt,country:NOR,party:Sp Centre Party,year:1961,1.0,4698.0,0.000212901852246
12620_1969.txt,country:NOR,party:H Conservative Party,year:1969,1.0,11755.0,8.50774204526e-05
12420_1969.txt,country:NOR,party:V Liberal Party,year:1969,0.0,15669.0,0.0
12221_1969.txt,country:NOR,party:SV Socialist Left Party,year:1969,1.0,8523.0,0.000117343346632
12520_1969.txt,country:NOR,party:KrF Christian People?s Party,year:1969,1.0,7437.0,0.000134480903712
12810_1969.txt,country:NOR,party:Sp Centre Party,year:1969,2.0,8975.0,0.000222890894907
12320_1969.txt,country:NOR,party:DnA Norwegian Labour Party,year:1969,0.0,11171.0,0.0
12320_1985.txt,country:NOR,party:DnA Norwegian Labour Party,year:1985,0.0,29233.0,0.0
12951_1985.txt,country:NOR,party:FrP Progress Party,year:1985,9.0,14932.0,0.000603095892247
12810_1985.txt,country:NOR,party:Sp Centre Party,year:1985,2.0,16102.0,0.000124223602484
12520_1985.txt,country:NOR,party:KrF Christian People?s Party,year:1985,2.0,12323.0,0.000162324486649
12620_1985.txt,country:NOR,party:H Conservative Party,year:1985,0.0,35318.0,0.0
12221_1985.txt,country:NOR,party:SV Socialist Left Party,year:1985,9.0,22607.0,0.000398265333215
12420_1985.txt,country:NOR,party:V Liberal Party,year:1985,1.0,16392.0,6.10090903545e-05
12420_1981.txt,country:NOR,party:V Liberal Party,year:1981,3.0,23981.0,0.000125114688464
12951_1981.txt,country:NOR,party:FrP Progress Party,year:1981,19.0,15438.0,0.00123224593035
12620_1981.txt,country:NOR,party:H Conservative Party,year:1981,2.0,27579.0,7.25242049534e-05
12221_1981.txt,country:NOR,party:SV Socialist Left Party,year:1981,5.0,16243.0,0.000307919694544
12520_1981.txt,country:NOR,party:KrF Christian People?s Party,year:1981,1.0,10001.0,0.0001
12810_1981.txt,country:NOR,party:Sp Centre Party,year:1981,6.0,20794.0,0.000288628054647
12320_1981.txt,country:NOR,party:DnA Norwegian Labour Party,year:1981,0.0,15314.0,0.0
12420_2001.txt,country:NOR,party:V Liberal Party,year:2001,13.0,39982.0,0.000325252070355
12520_2001.txt,country:NOR,party:KrF Christian People?s Party,year:2001,15.0,43229.0,0.000347109732957
12810_2001.txt,country:NOR,party:Sp Centre Party,year:2001,3.0,45544.0,6.58747063086e-05
12620_2001.txt,country:NOR,party:H Conservative Party,year:2001,1.0,18597.0,5.37750053775e-05
12320_2001.txt,country:NOR,party:DnA Norwegian Labour Party,year:2001,5.0,39661.0,0.000126084325197
12951_2001.txt,country:NOR,party:FrP Progress Party,year:2001,21.0,39138.0,0.000536850985505
12221_2001.txt,country:NOR,party:SV Socialist Left Party,year:2001,5.0,35467.0,0.000140995995714
33908_2011.txt,country:ESP,party:BNG Galician Nationalist Bloc,year:2011,9.0,15812.0,0.000569512117952
33612_2011.txt,country:ESP,party:FAC Forum Asturias,year:2011,25.0,38852.0,0.000643881834806
33611_2011.txt,country:ESP,party:CiU Convergence and Union,year:2011,4.0,45181.0,8.85406290812e-05
33220_2011.txt,country:ESP,party:IU United Left,year:2011,12.0,33294.0,0.000360555255093
33093_2011.txt,country:ESP,party:Commitment-Q,year:2011,23.0,32894.0,0.000699704907061
33610_2011.txt,country:ESP,party:PP Popular Party,year:2011,38.0,45752.0,0.000831255195345
33091_2011.txt,country:ESP,party:Future Yes,year:2011,23.0,19402.0,0.00118685174674
33440_2011.txt,country:ESP,party:"UPyD Union ,year:2011,14.0,18418.0,0.00076070419474
33320_2011.txt,country:ESP,party:PSOE Spanish Socialist Workers? Party,year:2011,32.0,62763.0,0.000510114616378
33907_2011.txt,country:ESP,party:CC Canarian Coalition,year:2011,12.0,24033.0,0.000499562882478
33905_2004.txt,country:ESP,party:ERC Catalan Republican Left,year:2004,5.0,25208.0,0.000198389080665
33611_2004.txt,country:ESP,party:CiU Convergence and Union,year:2004,19.0,122232.0,0.000155466276092
33908_2004.txt,country:ESP,party:BNG Galician Nationalist Bloc,year:2004,19.0,34475.0,0.000551427908057
33220_2004.txt,country:ESP,party:IU United Left,year:2004,30.0,48518.0,0.000618709783864
33320_2004.txt,country:ESP,party:PSOE Spanish Socialist Workers? Party,year:2004,67.0,87234.0,0.000768639508071
33610_2004.txt,country:ESP,party:PP Popular Party,year:2004,25.0,86538.0,0.000288973911435
33220_1996.txt,country:ESP,party:IU United Left,year:1996,74.0,153108.0,0.000483552674569
33610_1996.txt,country:ESP,party:PP Popular Party,year:1996,24.0,55254.0,0.000434546442151
33320_1996.txt,country:ESP,party:PSOE Spanish Socialist Workers? Party,year:1996,29.0,69938.0,0.000414824986769
33902_1996.txt,country:ESP,party:PNV/EAJ Basque Nationalist Party,year:1996,30.0,69694.0,0.000430638493339
33438_1986.txt,country:ESP,party:PDP Popular Democratic Party,year:1986,19.0,30368.0,0.000626050281723
33220_1986.txt,country:ESP,party:IU United Left,year:1986,25.0,25385.0,0.000985804416404
33611_1986.txt,country:ESP,party:CiU Convergence and Union,year:1986,0.0,23915.0,0.0
33320_1986.txt,country:ESP,party:PSOE Spanish Socialist Workers? Party,year:1986,8.0,37710.0,0.00021219033473
33512_1986.txt,country:ESP,party:CDS Centre Democrats,year:1986,15.0,32388.0,0.000463349087202
33320_1977.txt,country:ESP,party:PSOE Spanish Socialist Workers? Party,year:1977,6.0,4464.0,0.00134589502019
33430_1977.txt,country:ESP,party:UCD Union of the Democratic Centre/Centrist Bloc,year:1977,2.0,5361.0,0.000373203955962
33220_1993.txt,country:ESP,party:IU United Left,year:1993,19.0,66010.0,0.000287918049431
33610_1993.txt,country:ESP,party:PP Popular Party,year:1993,17.0,42494.0,0.0004002165878
33320_1993.txt,country:ESP,party:PSOE Spanish Socialist Workers? Party,year:1993,17.0,32024.0,0.000531133814478
33512_1993.txt,country:ESP,party:CDS Centre Democrats,year:1993,1.0,2084.0,0.00048007681229
33611_1993.txt,country:ESP,party:CiU Convergence and Union,year:1993,1.0,2698.0,0.00037078235076
33512_1982.txt,country:ESP,party:CDS Centre Democrats,year:1982,4.0,14054.0,0.000284697508897
33611_1982.txt,country:ESP,party:CiU Convergence and Union,year:1982,1.0,10131.0,9.87166831194e-05
33430_1982.txt,country:ESP,party:UCD Union of the Democratic Centre/Centrist Bloc,year:1982,1.0,25692.0,3.89241368573e-05
33220_1982.txt,country:ESP,party:IU United Left,year:1982,1.0,10950.0,9.13325417846e-05
33320_1982.txt,country:ESP,party:PSOE Spanish Socialist Workers? Party,year:1982,8.0,32027.0,0.000249851650582
33610_1982.txt,country:ESP,party:PP Popular Party,year:1982,10.0,47490.0,0.000210614995788
33512_1989.txt,country:ESP,party:CDS Centre Democrats,year:1989,17.0,49849.0,0.000341146251405
33220_1989.txt,country:ESP,party:IU United Left,year:1989,16.0,38318.0,0.00041773275547
33611_1989.txt,country:ESP,party:CiU Convergence and Union,year:1989,10.0,44002.0,0.000227314057101
33610_1989.txt,country:ESP,party:PP Popular Party,year:1989,20.0,39708.0,0.000503930659141
33320_1989.txt,country:ESP,party:PSOE Spanish Socialist Workers? Party,year:1989,6.0,24185.0,0.000248149220398
33909_2008.txt,country:ESP,party:CHA Aragonist Council,year:2008,17.0,21505.0,0.000791139240506
33908_2008.txt,country:ESP,party:BNG Galician Nationalist Bloc,year:2008,6.0,32668.0,0.000183699712204
33320_2008.txt,country:ESP,party:PSOE Spanish Socialist Workers? Party,year:2008,55.0,103978.0,0.000529237993514
33902_2000.txt,country:ESP,party:PNV/EAJ Basque Nationalist Party,year:2000,40.0,74482.0,0.000537331076543
33320_2000.txt,country:ESP,party:PSOE Spanish Socialist Workers? Party,year:2000,18.0,32562.0,0.000553097345133
33610_2000.txt,country:ESP,party:PP Popular Party,year:2000,22.0,54367.0,0.000404821050695
33220_2000.txt,country:ESP,party:IU United Left,year:2000,55.0,168762.0,0.000326008997848
33320_1979.txt,country:ESP,party:PSOE Spanish Socialist Workers? Party,year:1979,2.0,10762.0,0.000185873605948
33220_1979.txt,country:ESP,party:IU United Left,year:1979,11.0,10064.0,0.0010942007361
33430_1979.txt,country:ESP,party:UCD Union of the Democratic Centre/Centrist Bloc,year:1979,3.0,14451.0,0.000207641196013
35313_2011.txt,country:PRT,party:PSD Social Democratic Party,year:2011,48.0,63838.0,0.000752469039034
35220_2011.txt,country:PRT,party:PCP Portuguese Communist Party,year:2011,7.0,4413.0,0.00158874262369
35311_2011.txt,country:PRT,party:PS Socialist Party,year:2011,25.0,19526.0,0.0012819855392
35110_2011.txt,country:PRT,party:PEV Ecologist Party 'The Greens',year:2011,4.0,2589.0,0.00154738878143
35210_1987.txt,country:PRT,party:UDP Popular Democratic Union,year:1987,4.0,1877.0,0.00213561131874
35313_1987.txt,country:PRT,party:PSD Social Democratic Party,year:1987,2.0,1653.0,0.00121138703816
35311_1987.txt,country:PRT,party:PS Socialist Party,year:1987,7.0,2025.0,0.00346878097126
35220_1987.txt,country:PRT,party:PCP Portuguese Communist Party,year:1987,13.0,3650.0,0.00357437448447
35315_1987.txt,country:PRT,party:ID Democratic Intervention,year:1987,3.0,2092.0,0.0014360938248
35110_1987.txt,country:PRT,party:PEV Ecologist Party 'The Greens',year:1987,0.0,1604.0,0.0
35229_2005.txt,country:PRT,party:CDU Unified Democratic Coalition,year:2005,57.0,52589.0,0.00108505292012
35110_2005.txt,country:PRT,party:PEV Ecologist Party 'The Greens',year:2005,6.0,1425.0,0.00422832980973
35313_2005.txt,country:PRT,party:PSD Social Democratic Party,year:2005,29.0,48345.0,0.000600215249607
35311_2005.txt,country:PRT,party:PS Socialist Party,year:2005,1.0,1906.0,0.000524934383202
35313_1999.txt,country:PRT,party:PSD Social Democratic Party,year:1999,22.0,16840.0,0.00130812224997
35220_1999.txt,country:PRT,party:PCP Portuguese Communist Party,year:1999,99.0,87253.0,0.00113592032494
35311_1999.txt,country:PRT,party:PS Socialist Party,year:1999,25.0,62919.0,0.000397494196585
35313_1975.txt,country:PRT,party:PSD Social Democratic Party,year:1975,1.0,978.0,0.00102354145343
35220_1975.txt,country:PRT,party:PCP Portuguese Communist Party,year:1975,5.0,3033.0,0.00165125495376
35310_1975.txt,country:PRT,party:MDP Popular Democratic Movement,year:1975,1.0,1635.0,0.000611995104039
35311_1975.txt,country:PRT,party:PS Socialist Party,year:1975,2.0,1586.0,0.00126262626263
35210_1975.txt,country:PRT,party:UDP Popular Democratic Union,year:1975,8.0,3472.0,0.00230946882217
35313_1991.txt,country:PRT,party:PSD Social Democratic Party,year:1991,12.0,19422.0,0.000618238021638
35220_1991.txt,country:PRT,party:PCP Portuguese Communist Party,year:1991,60.0,42675.0,0.00140795494544
35311_1991.txt,country:PRT,party:PS Socialist Party,year:1991,80.0,78311.0,0.00102261251933
35311_1995.txt,country:PRT,party:PS Socialist Party,year:1995,93.0,117976.0,0.000788917825301
35220_1995.txt,country:PRT,party:PCP Portuguese Communist Party,year:1995,99.0,74523.0,0.00133021605934
35313_1995.txt,country:PRT,party:PSD Social Democratic Party,year:1995,13.0,30845.0,0.000421639854696
35220_2002.txt,country:PRT,party:PCP Portuguese Communist Party,year:2002,35.0,43750.0,0.00080064051241
35313_2002.txt,country:PRT,party:PSD Social Democratic Party,year:2002,56.0,44223.0,0.00126791495913
35311_2002.txt,country:PRT,party:PS Socialist Party,year:2002,45.0,74906.0,0.000601114064733
35110_2002.txt,country:PRT,party:PEV Ecologist Party 'The Greens',year:2002,1.0,1403.0,0.000713266761769
35210_1983.txt,country:PRT,party:UDP Popular Democratic Union,year:1983,12.0,2636.0,0.00457317073171
35313_1983.txt,country:PRT,party:PSD Social Democratic Party,year:1983,9.0,9593.0,0.000939065108514
35710_1983.txt,country:PRT,party:PPM Popular Monarchist Party,year:1983,1.0,2370.0,0.000422119037569
35311_1983.txt,country:PRT,party:PS Socialist Party,year:1983,4.0,2079.0,0.00192771084337
35220_1983.txt,country:PRT,party:PCP Portuguese Communist Party,year:1983,3.0,3682.0,0.000815438977983
35110_1983.txt,country:PRT,party:PEV Ecologist Party 'The Greens',year:1983,2.0,591.0,0.00339558573854
35220_1979.txt,country:PRT,party:PCP Portuguese Communist Party,year:1979,1.0,2662.0,0.000375798571965
35311_1979.txt,country:PRT,party:PS Socialist Party,year:1979,21.0,12501.0,0.00168269230769
35210_1979.txt,country:PRT,party:UDP Popular Democratic Union,year:1979,24.0,5939.0,0.00405748098056
35210_1985.txt,country:PRT,party:UDP Popular Democratic Union,year:1985,16.0,3614.0,0.00444691495275
35312_1985.txt,country:PRT,party:PRD Democratic Renewal Party,year:1985,6.0,1005.0,0.00600600600601
35313_1985.txt,country:PRT,party:PSD Social Democratic Party,year:1985,3.0,1343.0,0.00223880597015
35311_1985.txt,country:PRT,party:PS Socialist Party,year:1985,4.0,864.0,0.0046511627907
35220_1985.txt,country:PRT,party:PCP Portuguese Communist Party,year:1985,12.0,2490.0,0.00484261501211
35220_1980.txt,country:PRT,party:PCP Portuguese Communist Party,year:1980,20.0,5557.0,0.00361206429474
35210_1980.txt,country:PRT,party:UDP Popular Democratic Union,year:1980,15.0,4881.0,0.00308261405672
35220_1976.txt,country:PRT,party:PCP Portuguese Communist Party,year:1976,2.0,1055.0,0.00189933523267
35710_1976.txt,country:PRT,party:PPM Popular Monarchist Party,year:1976,10.0,1795.0,0.00560224089636
35311_1976.txt,country:PRT,party:PS Socialist Party,year:1976,2.0,4070.0,0.000491642084562
35313_1976.txt,country:PRT,party:PSD Social Democratic Party,year:1976,5.0,1390.0,0.00361010830325
35210_1976.txt,country:PRT,party:UDP Popular Democratic Union,year:1976,6.0,1585.0,0.00379987333756
11110_1994.txt,country:SWE,party:MP Green Ecology Party,year:1994,1.0,1440.0,0.000694927032662
11320_1994.txt,country:SWE,party:SAP Social Democratic Labour Party,year:1994,2.0,2539.0,0.000788332676389
11620_1994.txt,country:SWE,party:MSP Moderate Coalition Party,year:1994,1.0,2441.0,0.000409836065574
11420_1994.txt,country:SWE,party:FP Liberal People?s Party,year:1994,5.0,2853.0,0.00175561797753
11220_1994.txt,country:SWE,party:V Left Party,year:1994,6.0,2122.0,0.00283553875236
11520_1994.txt,country:SWE,party:Kd Christian Democrats,year:1994,0.0,1035.0,0.0
11810_1994.txt,country:SWE,party:CP Centre Party,year:1994,3.0,1945.0,0.00154479917611
11420_1988.txt,country:SWE,party:FP Liberal People?s Party,year:1988,6.0,3347.0,0.00179586950015
11810_1988.txt,country:SWE,party:CP Centre Party,year:1988,1.0,1011.0,0.000990099009901
11220_1988.txt,country:SWE,party:V Left Party,year:1988,12.0,2682.0,0.00449438202247
11620_1988.txt,country:SWE,party:MSP Moderate Coalition Party,year:1988,1.0,1535.0,0.000651890482399
11110_1988.txt,country:SWE,party:MP Green Ecology Party,year:1988,2.0,723.0,0.00277392510402
11320_1988.txt,country:SWE,party:SAP Social Democratic Labour Party,year:1988,1.0,828.0,0.00120918984281
11320_1982.txt,country:SWE,party:SAP Social Democratic Labour Party,year:1982,1.0,1243.0,0.000805152979066
11220_1982.txt,country:SWE,party:V Left Party,year:1982,5.0,1426.0,0.00351864883885
11620_1982.txt,country:SWE,party:MSP Moderate Coalition Party,year:1982,3.0,905.0,0.00332594235033
11420_1982.txt,country:SWE,party:FP Liberal People?s Party,year:1982,4.0,1061.0,0.00378429517502
11810_1982.txt,country:SWE,party:CP Centre Party,year:1982,4.0,3331.0,0.00120228434025
11810_2010.txt,country:SWE,party:CP Centre Party,year:2010,2.0,7104.0,0.000281610813855
11710_2010.txt,country:SWE,party:SD Sweden Democrats,year:2010,1.0,1804.0,0.000554631170272
11220_1973.txt,country:SWE,party:V Left Party,year:1973,1.0,699.0,0.00143266475645
11620_1973.txt,country:SWE,party:MSP Moderate Coalition Party,year:1973,0.0,476.0,0.0
11320_1973.txt,country:SWE,party:SAP Social Democratic Labour Party,year:1973,0.0,282.0,0.0
11420_1973.txt,country:SWE,party:FP Liberal People?s Party,year:1973,2.0,1388.0,0.001443001443
11810_1973.txt,country:SWE,party:CP Centre Party,year:1973,1.0,1583.0,0.00063211125158
11620_1968.txt,country:SWE,party:MSP Moderate Coalition Party,year:1968,8.0,3136.0,0.00255754475703
11810_1968.txt,country:SWE,party:CP Centre Party,year:1968,6.0,8665.0,0.000692920660584
11220_1968.txt,country:SWE,party:V Left Party,year:1968,2.0,619.0,0.0032414910859
11420_1968.txt,country:SWE,party:FP Liberal People?s Party,year:1968,1.0,807.0,0.00124069478908
11320_1968.txt,country:SWE,party:SAP Social Democratic Labour Party,year:1968,2.0,508.0,0.00395256916996
11520_1991.txt,country:SWE,party:Kd Christian Democrats,year:1991,0.0,626.0,0.0
11220_1991.txt,country:SWE,party:V Left Party,year:1991,1.0,1231.0,0.000813008130081
11320_1991.txt,country:SWE,party:SAP Social Democratic Labour Party,year:1991,1.0,1701.0,0.000588235294118
11951_1991.txt,country:SWE,party:NyD New Democracy,year:1991,8.0,4515.0,0.00177501664078
11420_1991.txt,country:SWE,party:FP Liberal People?s Party,year:1991,14.0,3101.0,0.00453514739229
11620_1991.txt,country:SWE,party:MSP Moderate Coalition Party,year:1991,2.0,1911.0,0.00104766893662
11810_1991.txt,country:SWE,party:CP Centre Party,year:1991,1.0,1608.0,0.000622277535781
11110_1991.txt,country:SWE,party:MP Green Ecology Party,year:1991,2.0,1475.0,0.00135777325187
11420_1960.txt,country:SWE,party:FP Liberal People?s Party,year:1960,0.0,346.0,0.0
11320_1960.txt,country:SWE,party:SAP Social Democratic Labour Party,year:1960,0.0,263.0,0.0
11620_1960.txt,country:SWE,party:MSP Moderate Coalition Party,year:1960,1.0,956.0,0.00104712041885
11810_1960.txt,country:SWE,party:CP Centre Party,year:1960,2.0,1627.0,0.00123076923077
11220_1960.txt,country:SWE,party:V Left Party,year:1960,1.0,879.0,0.00113895216401
11320_1964.txt,country:SWE,party:SAP Social Democratic Labour Party,year:1964,1.0,942.0,0.00106269925611
11810_1964.txt,country:SWE,party:CP Centre Party,year:1964,3.0,3791.0,0.000791974656811
11220_1964.txt,country:SWE,party:V Left Party,year:1964,0.0,654.0,0.0
11420_1964.txt,country:SWE,party:FP Liberal People?s Party,year:1964,0.0,189.0,0.0
11620_1964.txt,country:SWE,party:MSP Moderate Coalition Party,year:1964,0.0,512.0,0.0
11420_1970.txt,country:SWE,party:FP Liberal People?s Party,year:1970,1.0,891.0,0.00112359550562
11620_1970.txt,country:SWE,party:MSP Moderate Coalition Party,year:1970,0.0,344.0,0.0
11320_1970.txt,country:SWE,party:SAP Social Democratic Labour Party,year:1970,2.0,1616.0,0.00123915737299
11220_1970.txt,country:SWE,party:V Left Party,year:1970,0.0,377.0,0.0
11810_1970.txt,country:SWE,party:CP Centre Party,year:1970,2.0,882.0,0.00227272727273
11620_2002.txt,country:SWE,party:MSP Moderate Coalition Party,year:2002,12.0,5740.0,0.00209497206704
11220_2002.txt,country:SWE,party:V Left Party,year:2002,8.0,5682.0,0.00140994007755
11420_2002.txt,country:SWE,party:FP Liberal People?s Party,year:2002,5.0,5735.0,0.00087260034904
11320_2002.txt,country:SWE,party:SAP Social Democratic Labour Party,year:2002,1.0,2905.0,0.00034435261708
11520_2002.txt,country:SWE,party:Kd Christian Democrats,year:2002,7.0,4670.0,0.00150117949818
11810_2002.txt,country:SWE,party:CP Centre Party,year:2002,4.0,2602.0,0.00153964588145
11110_2002.txt,country:SWE,party:MP Green Ecology Party,year:2002,1.0,1480.0,0.000676132521974
11220_1998.txt,country:SWE,party:V Left Party,year:1998,20.0,4575.0,0.00439077936334
11810_1998.txt,country:SWE,party:CP Centre Party,year:1998,4.0,2855.0,0.00140301648544
11110_1998.txt,country:SWE,party:MP Green Ecology Party,year:1998,0.0,649.0,0.0
11420_1998.txt,country:SWE,party:FP Liberal People?s Party,year:1998,1.0,923.0,0.00108459869848
11620_1998.txt,country:SWE,party:MSP Moderate Coalition Party,year:1998,9.0,4378.0,0.00205996795605
11320_1998.txt,country:SWE,party:SAP Social Democratic Labour Party,year:1998,0.0,3938.0,0.0
11520_1998.txt,country:SWE,party:Kd Christian Democrats,year:1998,3.0,2301.0,0.00130548302872
11220_1979.txt,country:SWE,party:V Left Party,year:1979,1.0,1754.0,0.000570450656018
11620_1979.txt,country:SWE,party:MSP Moderate Coalition Party,year:1979,1.0,821.0,0.00121951219512
11810_1979.txt,country:SWE,party:CP Centre Party,year:1979,0.0,2439.0,0.0
11320_1979.txt,country:SWE,party:SAP Social Democratic Labour Party,year:1979,2.0,1165.0,0.00171969045572
11420_1979.txt,country:SWE,party:FP Liberal People?s Party,year:1979,2.0,3995.0,0.000500876533934
11220_1985.txt,country:SWE,party:V Left Party,year:1985,4.0,3021.0,0.00132582035134
11810_1985.txt,country:SWE,party:CP Centre Party,year:1985,0.0,1889.0,0.0
11620_1985.txt,country:SWE,party:MSP Moderate Coalition Party,year:1985,4.0,975.0,0.00411946446962
11320_1985.txt,country:SWE,party:SAP Social Democratic Labour Party,year:1985,4.0,1083.0,0.00370713623726
11420_1985.txt,country:SWE,party:FP Liberal People?s Party,year:1985,3.0,2285.0,0.00131463628396
11220_1976.txt,country:SWE,party:V Left Party,year:1976,0.0,1422.0,0.0
11420_1976.txt,country:SWE,party:FP Liberal People?s Party,year:1976,2.0,1053.0,0.00190294957184
11620_1976.txt,country:SWE,party:MSP Moderate Coalition Party,year:1976,0.0,754.0,0.0
11810_1976.txt,country:SWE,party:CP Centre Party,year:1976,2.0,2734.0,0.000732064421669
11320_1976.txt,country:SWE,party:SAP Social Democratic Labour Party,year:1976,0.0,464.0,0.0
14320_1962.txt,country:FIN,party:SSDP Finnish Social Democrats,year:1962,0.0,580.0,0.0
14620_1962.txt,country:FIN,party:KK National Coalition,year:1962,1.0,616.0,0.00162601626016
14221_1962.txt,country:FIN,party:SKDL Finnish People?s Democratic Union,year:1962,4.0,1047.0,0.00383509108341
14901_1962.txt,country:FIN,party:RKP/SFP Swedish People?s Party,year:1962,0.0,1538.0,0.0
14520_2011.txt,country:FIN,party:KD Christian Democrats in Finland,year:2011,10.0,7184.0,0.00139392249791
14110_2011.txt,country:FIN,party:VL Green Union,year:2011,2.0,5934.0,0.000337154416723
14820_2011.txt,country:FIN,party:PS True Finns,year:2011,76.0,20907.0,0.00364840862177
14810_2011.txt,country:FIN,party:SK Finnish Centre,year:2011,6.0,10683.0,0.000561955605507
14223_2011.txt,country:FIN,party:VAS Left Wing Alliance,year:2011,0.0,1614.0,0.0
14620_2011.txt,country:FIN,party:KK National Coalition,year:2011,15.0,5284.0,0.00284684000759
14320_2011.txt,country:FIN,party:SSDP Finnish Social Democrats,year:2011,2.0,7019.0,0.000285022089212
14901_2011.txt,country:FIN,party:RKP/SFP Swedish People?s Party,year:2011,0.0,2065.0,0.0
14820_1987.txt,country:FIN,party:PS True Finns,year:1987,0.0,800.0,0.0
14620_1987.txt,country:FIN,party:KK National Coalition,year:1987,0.0,1037.0,0.0
14221_1987.txt,country:FIN,party:SKDL Finnish People?s Democratic Union,year:1987,0.0,11144.0,0.0
14320_1987.txt,country:FIN,party:SSDP Finnish Social Democrats,year:1987,9.0,2732.0,0.00330517811238
14520_1987.txt,country:FIN,party:KD Christian Democrats in Finland,year:1987,12.0,1916.0,0.0063025210084
14222_1987.txt,country:FIN,party:DEVA Democratic Alternative,year:1987,2.0,1520.0,0.00131752305665
14901_1987.txt,country:FIN,party:RKP/SFP Swedish People?s Party,year:1987,0.0,1310.0,0.0
14810_1987.txt,country:FIN,party:SK Finnish Centre,year:1987,14.0,3417.0,0.00411401704378
14320_2003.txt,country:FIN,party:SSDP Finnish Social Democrats,year:2003,3.0,1978.0,0.00151898734177
14110_2003.txt,country:FIN,party:VL Green Union,year:2003,1.0,3966.0,0.000252206809584
14810_2003.txt,country:FIN,party:SK Finnish Centre,year:2003,6.0,1365.0,0.00441501103753
14620_2003.txt,country:FIN,party:KK National Coalition,year:2003,9.0,2107.0,0.00428979980934
14223_2003.txt,country:FIN,party:VAS Left Wing Alliance,year:2003,0.0,338.0,0.0
14901_2003.txt,country:FIN,party:RKP/SFP Swedish People?s Party,year:2003,1.0,2709.0,0.000369276218612
14820_2003.txt,country:FIN,party:PS True Finns,year:2003,9.0,1957.0,0.00462012320329
14520_2003.txt,country:FIN,party:KD Christian Democrats in Finland,year:2003,1.0,459.0,0.00218340611354
14901_1999.txt,country:FIN,party:RKP/SFP Swedish People?s Party,year:1999,1.0,1595.0,0.000627352572146
14320_1999.txt,country:FIN,party:SSDP Finnish Social Democrats,year:1999,0.0,733.0,0.0
14620_1999.txt,country:FIN,party:KK National Coalition,year:1999,9.0,8178.0,0.00110172603746
14810_1999.txt,country:FIN,party:SK Finnish Centre,year:1999,2.0,1289.0,0.001554001554
14110_1999.txt,country:FIN,party:VL Green Union,year:1999,0.0,3186.0,0.0
14320_2007.txt,country:FIN,party:SSDP Finnish Social Democrats,year:2007,1.0,3746.0,0.000267022696929
14110_2007.txt,country:FIN,party:VL Green Union,year:2007,0.0,3097.0,0.0
14901_2007.txt,country:FIN,party:RKP/SFP Swedish People?s Party,year:2007,0.0,1117.0,0.0
14820_2007.txt,country:FIN,party:PS True Finns,year:2007,32.0,8733.0,0.00367773819101
14620_2007.txt,country:FIN,party:KK National Coalition,year:2007,5.0,5153.0,0.000971250971251
14221_1966.txt,country:FIN,party:SKDL Finnish People?s Democratic Union,year:1966,1.0,552.0,0.00181488203267
14901_1966.txt,country:FIN,party:RKP/SFP Swedish People?s Party,year:1966,0.0,606.0,0.0
14310_1966.txt,country:FIN,party:TPSL Social Democratic League of Workers and Smallholders,year:1966,0.0,2373.0,0.0
14810_1966.txt,country:FIN,party:SK Finnish Centre,year:1966,0.0,2547.0,0.0
14320_1966.txt,country:FIN,party:SSDP Finnish Social Democrats,year:1966,1.0,664.0,0.00150829562594
14420_1966.txt,country:FIN,party:LKP Liberal People?s Party,year:1966,2.0,2041.0,0.000980872976949
14221_1975.txt,country:FIN,party:SKDL Finnish People?s Democratic Union,year:1975,1.0,1210.0,0.000827129859388
14820_1975.txt,country:FIN,party:PS True Finns,year:1975,2.0,219.0,0.00921658986175
14520_1975.txt,country:FIN,party:KD Christian Democrats in Finland,year:1975,2.0,329.0,0.00611620795107
14901_1975.txt,country:FIN,party:RKP/SFP Swedish People?s Party,year:1975,0.0,1642.0,0.0
14810_1975.txt,country:FIN,party:SK Finnish Centre,year:1975,0.0,969.0,0.0
14320_1975.txt,country:FIN,party:SSDP Finnish Social Democrats,year:1975,0.0,224.0,0.0
14901_1972.txt,country:FIN,party:RKP/SFP Swedish People?s Party,year:1972,0.0,1556.0,0.0
14221_1972.txt,country:FIN,party:SKDL Finnish People?s Democratic Union,year:1972,3.0,677.0,0.00445103857567
14520_1972.txt,country:FIN,party:KD Christian Democrats in Finland,year:1972,0.0,802.0,0.0
14810_1972.txt,country:FIN,party:SK Finnish Centre,year:1972,0.0,495.0,0.0
14320_1972.txt,country:FIN,party:SSDP Finnish Social Democrats,year:1972,0.0,396.0,0.0
14620_1972.txt,country:FIN,party:KK National Coalition,year:1972,0.0,391.0,0.0
14820_1972.txt,country:FIN,party:PS True Finns,year:1972,1.0,300.0,0.00334448160535
14223_1991.txt,country:FIN,party:VAS Left Wing Alliance,year:1991,1.0,556.0,0.0018018018018
14520_1991.txt,country:FIN,party:KD Christian Democrats in Finland,year:1991,3.0,1228.0,0.00244897959184
14620_1991.txt,country:FIN,party:KK National Coalition,year:1991,0.0,709.0,0.0
14820_1991.txt,country:FIN,party:PS True Finns,year:1991,4.0,964.0,0.00416666666667
14110_1991.txt,country:FIN,party:VL Green Union,year:1991,3.0,2333.0,0.00128755364807
14901_1991.txt,country:FIN,party:RKP/SFP Swedish People?s Party,year:1991,0.0,1398.0,0.0
14810_1991.txt,country:FIN,party:SK Finnish Centre,year:1991,1.0,940.0,0.0010649627263
14320_1991.txt,country:FIN,party:SSDP Finnish Social Democrats,year:1991,0.0,837.0,0.0
14221_1970.txt,country:FIN,party:SKDL Finnish People?s Democratic Union,year:1970,4.0,1940.0,0.00206611570248
14820_1970.txt,country:FIN,party:PS True Finns,year:1970,3.0,1821.0,0.0016501650165
14620_1970.txt,country:FIN,party:KK National Coalition,year:1970,7.0,1031.0,0.0068359375
14420_1970.txt,country:FIN,party:LKP Liberal People?s Party,year:1970,1.0,329.0,0.0030487804878
14810_1970.txt,country:FIN,party:SK Finnish Centre,year:1970,4.0,1250.0,0.00321027287319
14520_1970.txt,country:FIN,party:KD Christian Democrats in Finland,year:1970,10.0,650.0,0.015625
14520_1995.txt,country:FIN,party:KD Christian Democrats in Finland,year:1995,3.0,1109.0,0.00271247739602
14620_1995.txt,country:FIN,party:KK National Coalition,year:1995,1.0,1694.0,0.000590667454223
14430_1995.txt,country:FIN,party:"NSP Progressive Finnish Party,year:1995,2.0,486.0,0.00413223140496
14901_1995.txt,country:FIN,party:RKP/SFP Swedish People?s Party,year:1995,4.0,1789.0,0.00224089635854
14223_1995.txt,country:FIN,party:VAS Left Wing Alliance,year:1995,2.0,443.0,0.00453514739229
14110_1995.txt,country:FIN,party:VL Green Union,year:1995,0.0,583.0,0.0
14810_1995.txt,country:FIN,party:SK Finnish Centre,year:1995,0.0,372.0,0.0
14320_1995.txt,country:FIN,party:SSDP Finnish Social Democrats,year:1995,4.0,1114.0,0.0036036036036
14820_1983.txt,country:FIN,party:PS True Finns,year:1983,0.0,160.0,0.0
14620_1983.txt,country:FIN,party:KK National Coalition,year:1983,0.0,173.0,0.0
14901_1983.txt,country:FIN,party:RKP/SFP Swedish People?s Party,year:1983,0.0,877.0,0.0
14320_1983.txt,country:FIN,party:SSDP Finnish Social Democrats,year:1983,0.0,229.0,0.0
14810_1983.txt,country:FIN,party:SK Finnish Centre,year:1983,0.0,493.0,0.0
14520_1983.txt,country:FIN,party:KD Christian Democrats in Finland,year:1983,0.0,880.0,0.0
14221_1983.txt,country:FIN,party:SKDL Finnish People?s Democratic Union,year:1983,3.0,1564.0,0.00192184497117
14620_1979.txt,country:FIN,party:KK National Coalition,year:1979,0.0,102.0,0.0
14810_1979.txt,country:FIN,party:SK Finnish Centre,year:1979,1.0,1317.0,0.000759878419453
14520_1979.txt,country:FIN,party:KD Christian Democrats in Finland,year:1979,0.0,371.0,0.0
14820_1979.txt,country:FIN,party:PS True Finns,year:1979,0.0,154.0,0.0
14221_1979.txt,country:FIN,party:SKDL Finnish People?s Democratic Union,year:1979,1.0,1063.0,0.000941619585687
14420_1979.txt,country:FIN,party:LKP Liberal People?s Party,year:1979,5.0,1006.0,0.004995004995
14901_1979.txt,country:FIN,party:RKP/SFP Swedish People?s Party,year:1979,0.0,3803.0,0.0
14320_1979.txt,country:FIN,party:SSDP Finnish Social Democrats,year:1979,1.0,1536.0,0.000651465798046
41521_1965.txt,country:DEU,party:CDU/CSU Christian Democratic Union/Christian Social Union,year:1965,15.0,10837.0,0.00138606542229
41320_1965.txt,country:DEU,party:SPD Social Democratic Party of Germany,year:1965,18.0,25455.0,0.000707630616818
41420_1965.txt,country:DEU,party:FDP Free Democratic Party,year:1965,3.0,7419.0,0.000404530744337
41221_1994.txt,country:DEU,party:PDS Party of Democratic Socialism,year:1994,5.0,7979.0,0.000627037873088
41420_1994.txt,country:DEU,party:FDP Free Democratic Party,year:1994,17.0,46883.0,0.000362736312039
41113_1994.txt,country:DEU,party:90/Greens Alliance?90/Greens,year:1994,34.0,30822.0,0.00110432636092
41521_1994.txt,country:DEU,party:CDU/CSU Christian Democratic Union/Christian Social Union,year:1994,2.0,13865.0,0.000144268917262
41320_1994.txt,country:DEU,party:SPD Social Democratic Party of Germany,year:1994,4.0,15408.0,0.000259672812257
41420_1987.txt,country:DEU,party:FDP Free Democratic Party,year:1987,1.0,6271.0,0.000159489633174
41320_1987.txt,country:DEU,party:SPD Social Democratic Party of Germany,year:1987,6.0,10385.0,0.000578090374795
41111_1987.txt,country:DEU,party:The Greens,year:1987,29.0,18447.0,0.00157454663916
41521_1987.txt,country:DEU,party:CDU/CSU Christian Democratic Union/Christian Social Union,year:1987,5.0,17877.0,0.000279767233662
41320_2005.txt,country:DEU,party:SPD Social Democratic Party of Germany,year:2005,2.0,12402.0,0.000161290322581
41221_2005.txt,country:DEU,party:PDS Party of Democratic Socialism,year:2005,1.0,1703.0,0.000587544065805
41420_2005.txt,country:DEU,party:FDP Free Democratic Party,year:2005,3.0,31267.0,9.5957011259e-05
41521_1972.txt,country:DEU,party:CDU/CSU Christian Democratic Union/Christian Social Union,year:1972,0.0,3886.0,0.0
41320_1972.txt,country:DEU,party:SPD Social Democratic Party of Germany,year:1972,5.0,13195.0,0.000379075056861
41420_1961.txt,country:DEU,party:FDP Free Democratic Party,year:1961,0.0,2530.0,0.0
41521_1961.txt,country:DEU,party:CDU/CSU Christian Democratic Union/Christian Social Union,year:1961,0.0,461.0,0.0
41320_1961.txt,country:DEU,party:SPD Social Democratic Party of Germany,year:1961,8.0,7275.0,0.00110086693271
41320_1990.txt,country:DEU,party:SPD Social Democratic Party of Germany,year:1990,1.0,7840.0,0.000127567291746
41221_1990.txt,country:DEU,party:PDS Party of Democratic Socialism,year:1990,11.0,10279.0,0.00107128944293
41521_1990.txt,country:DEU,party:CDU/CSU Christian Democratic Union/Christian Social Union,year:1990,2.0,5966.0,0.000335345405768
41420_1990.txt,country:DEU,party:FDP Free Democratic Party,year:1990,7.0,28964.0,0.000241737749076
41112_1990.txt,country:DEU,party:Greens/90 Greens/Alliance?90,year:1990,13.0,4971.0,0.00262202501008
41521_1969.txt,country:DEU,party:CDU/CSU Christian Democratic Union/Christian Social Union,year:1969,0.0,2457.0,0.0
41420_1969.txt,country:DEU,party:FDP Free Democratic Party,year:1969,1.0,4573.0,0.000218722659668
41320_1969.txt,country:DEU,party:SPD Social Democratic Party of Germany,year:1969,0.0,3418.0,0.0
41521_2002.txt,country:DEU,party:CDU/CSU Christian Democratic Union/Christian Social Union,year:2002,7.0,20663.0,0.000338884585593
41320_2002.txt,country:DEU,party:SPD Social Democratic Party of Germany,year:2002,17.0,20844.0,0.000816248139434
41113_2002.txt,country:DEU,party:90/Greens Alliance?90/Greens,year:2002,20.0,23005.0,0.000870132695236
41221_2002.txt,country:DEU,party:PDS Party of Democratic Socialism,year:2002,14.0,14023.0,0.000999357555857
41420_2002.txt,country:DEU,party:FDP Free Democratic Party,year:2002,13.0,32576.0,0.00039922611553
41320_1998.txt,country:DEU,party:SPD Social Democratic Party of Germany,year:1998,10.0,15649.0,0.000639427073342
41420_1998.txt,country:DEU,party:FDP Free Democratic Party,year:1998,7.0,24244.0,0.000288814622272
41521_1998.txt,country:DEU,party:CDU/CSU Christian Democratic Union/Christian Social Union,year:1998,2.0,8495.0,0.000235488048982
41113_1998.txt,country:DEU,party:90/Greens Alliance?90/Greens,year:1998,27.0,33535.0,0.000805777724722
41221_1998.txt,country:DEU,party:PDS Party of Democratic Socialism,year:1998,23.0,15478.0,0.00148819152378
41111_1983.txt,country:DEU,party:The Greens,year:1983,6.0,4589.0,0.00130918612263
41521_1983.txt,country:DEU,party:CDU/CSU Christian Democratic Union/Christian Social Union,year:1983,5.0,5224.0,0.000958037938302
41420_1983.txt,country:DEU,party:FDP Free Democratic Party,year:1983,1.0,7791.0,0.00012836970475
41320_1983.txt,country:DEU,party:SPD Social Democratic Party of Germany,year:1983,6.0,10629.0,0.000564812199944
41420_1980.txt,country:DEU,party:FDP Free Democratic Party,year:1980,7.0,24619.0,0.00028441410694
41521_1980.txt,country:DEU,party:CDU/CSU Christian Democratic Union/Christian Social Union,year:1980,9.0,11342.0,0.000794141004147
41320_1980.txt,country:DEU,party:SPD Social Democratic Party of Germany,year:1980,5.0,9872.0,0.000506739637174
41521_1976.txt,country:DEU,party:CDU/CSU Christian Democratic Union/Christian Social Union,year:1976,1.0,6781.0,0.000147492625369
41420_1976.txt,country:DEU,party:FDP Free Democratic Party,year:1976,1.0,8124.0,0.000123107226394
41320_1976.txt,country:DEU,party:SPD Social Democratic Party of Germany,year:1976,6.0,17092.0,0.000351164696243
21913_1965.txt,country:BELd,party:VU Peoples? Union,year:1965,15.0,7276.0,0.00206583115273
21420_1965.txt,country:BELd,party:PVV/PLP Party of Liberty and Progress,year:1965,12.0,29005.0,0.000413893008657
21913_1978.txt,country:BELd,party:VU Peoples? Union,year:1978,0.0,4230.0,0.0
21421_1978.txt,country:BELd,party:openVLD Open Flemish Liberals and Democrats,year:1978,2.0,4519.0,0.000442771751162
21521_1978.txt,country:BELd,party:CD&V Christian Democratic and Flemish,year:1978,1.0,15679.0,6.37836458732e-05
21321_1978.txt,country:BELd,party:sp.a Socialist Party Different,year:1978,3.0,12402.0,0.000241954996371
21914_1987.txt,country:BELd,party:VB Flemish Bloc,year:1987,6.0,4036.0,0.0014888337469
21521_1987.txt,country:BELd,party:CD&V Christian Democratic and Flemish,year:1987,3.0,13292.0,0.000225750620814
21112_1987.txt,country:BELd,party:groen! Green!,year:1987,23.0,46734.0,0.000492389372953
21913_1987.txt,country:BELd,party:VU Peoples? Union,year:1987,4.0,4029.0,0.000993788819876
21321_1987.txt,country:BELd,party:sp.a Socialist Party Different,year:1987,3.0,12902.0,0.000232576168695
21421_1987.txt,country:BELd,party:openVLD Open Flemish Liberals and Democrats,year:1987,1.0,3507.0,0.000285225328009
21913_1971.txt,country:BELd,party:VU Peoples? Union,year:1971,3.0,3475.0,0.000864055299539
21521_1971.txt,country:BELd,party:CD&V Christian Democratic and Flemish,year:1971,0.0,750.0,0.0
21521_1977.txt,country:BELd,party:CD&V Christian Democratic and Flemish,year:1977,4.0,25502.0,0.000156875049023
21421_1977.txt,country:BELd,party:openVLD Open Flemish Liberals and Democrats,year:1977,2.0,8387.0,0.000238521168754
21913_1977.txt,country:BELd,party:VU Peoples? Union,year:1977,0.0,3726.0,0.0
21913_1974.txt,country:BELd,party:VU Peoples? Union,year:1974,7.0,1873.0,0.0037513397642
21421_1974.txt,country:BELd,party:openVLD Open Flemish Liberals and Democrats,year:1974,4.0,23024.0,0.000173761946134
21111_2010.txt,country:BELd,party:ECOLO Ecologists,year:2010,5.0,14647.0,0.000341483403907
21914_2003.txt,country:BELd,party:VB Flemish Bloc,year:2003,26.0,23915.0,0.00108836703085
21521_2003.txt,country:BELd,party:CD&V Christian Democratic and Flemish,year:2003,9.0,38639.0,0.000232979549573
21421_2003.txt,country:BELd,party:openVLD Open Flemish Liberals and Democrats,year:2003,2.0,4005.0,0.000499625281039
21112_2003.txt,country:BELd,party:groen! Green!,year:2003,6.0,18220.0,0.00032941693203
21915_1999.txt,country:BELd,party:VU-ID21 People?s Union - Complete Democracy for the 21st century,year:1999,23.0,34318.0,0.000670651698498
21421_1999.txt,country:BELd,party:openVLD Open Flemish Liberals and Democrats,year:1999,10.0,25910.0,0.0003861003861
21112_1999.txt,country:BELd,party:groen! Green!,year:1999,19.0,47196.0,0.000402738622634
21321_1999.txt,country:BELd,party:sp.a Socialist Party Different,year:1999,2.0,10775.0,0.000185649308456
21914_1999.txt,country:BELd,party:VB Flemish Bloc,year:1999,129.0,97338.0,0.00132703761997
21521_1999.txt,country:BELd,party:CD&V Christian Democratic and Flemish,year:1999,0.0,17758.0,0.0
21421_2007.txt,country:BELd,party:openVLD Open Flemish Liberals and Democrats,year:2007,13.0,36098.0,0.000360260496051
21330_2007.txt,country:BELd,party:"SPIRIT Social,year:2007,1.0,18420.0,5.42917639394e-05
21916_2007.txt,country:BELd,party:N-VA New Flemish Alliance,year:2007,10.0,18593.0,0.000538126244417
21221_2007.txt,country:BELd,party:sp.a-SPIRIT Socialist Party Different ? Spirit,year:2007,3.0,2834.0,0.00105969622042
21917_2007.txt,country:BELd,party:VB Flemish Interest,year:2007,36.0,38672.0,0.000931773475515
21521_2007.txt,country:BELd,party:CD&V Christian Democratic and Flemish,year:2007,11.0,39231.0,0.000280469148394
21430_2007.txt,country:BELd,party:LDD List Dedecker,year:2007,10.0,15209.0,0.000657938022238
21112_2007.txt,country:BELd,party:groen! Green!,year:2007,12.0,56029.0,0.000214220683007
21521_1968.txt,country:BELd,party:CD&V Christian Democratic and Flemish,year:1968,1.0,8364.0,0.000119574315437
21521_1991.txt,country:BELd,party:CD&V Christian Democratic and Flemish,year:1991,6.0,16367.0,0.00036672575026
21321_1991.txt,country:BELd,party:sp.a Socialist Party Different,year:1991,8.0,56508.0,0.000141592920354
21913_1991.txt,country:BELd,party:VU Peoples? Union,year:1991,2.0,4002.0,0.0005
21112_1991.txt,country:BELd,party:groen! Green!,year:1991,2.0,8904.0,0.000224668613795
21914_1991.txt,country:BELd,party:VB Flemish Bloc,year:1991,15.0,5653.0,0.00266051791415
21913_1961.txt,country:BELd,party:VU Peoples? Union,year:1961,0.0,397.0,0.0
21521_1995.txt,country:BELd,party:CD&V Christian Democratic and Flemish,year:1995,11.0,15904.0,0.00069212861008
21913_1995.txt,country:BELd,party:VU Peoples? Union,year:1995,15.0,30453.0,0.000492805046324
21914_1995.txt,country:BELd,party:VB Flemish Bloc,year:1995,48.0,25939.0,0.0018539260747
21421_1995.txt,country:BELd,party:openVLD Open Flemish Liberals and Democrats,year:1995,2.0,3699.0,0.000540979172302
21321_1995.txt,country:BELd,party:sp.a Socialist Party Different,year:1995,5.0,13572.0,0.000368541313481
21112_1995.txt,country:BELd,party:groen! Green!,year:1995,22.0,18198.0,0.00121038732394
21112_1985.txt,country:BELd,party:groen! Green!,year:1985,19.0,39989.0,0.000475356517388
21521_1985.txt,country:BELd,party:CD&V Christian Democratic and Flemish,year:1985,11.0,12179.0,0.000904010519395
21421_1985.txt,country:BELd,party:openVLD Open Flemish Liberals and Democrats,year:1985,4.0,14800.0,0.000270343336037
21913_1985.txt,country:BELd,party:VU Peoples? Union,year:1985,3.0,3139.0,0.000956632653061
21321_1985.txt,country:BELd,party:sp.a Socialist Party Different,year:1985,2.0,36094.0,5.54139421478e-05
21914_1981.txt,country:BELd,party:VB Flemish Bloc,year:1981,1.0,2728.0,0.000366703337
21321_1981.txt,country:BELd,party:sp.a Socialist Party Different,year:1981,4.0,25556.0,0.000156543519098
21913_1981.txt,country:BELd,party:VU Peoples? Union,year:1981,3.0,2929.0,0.00102529049897
21521_1981.txt,country:BELd,party:CD&V Christian Democratic and Flemish,year:1981,2.0,23807.0,8.4015963033e-05
21421_1981.txt,country:BELd,party:openVLD Open Flemish Liberals and Democrats,year:1981,1.0,5012.0,0.000199560965875
21112_1981.txt,country:BELd,party:groen! Green!,year:1981,2.0,5390.0,0.000371195248701
31320_1962.txt,country:FRA,party:PS Socialist Party,year:1962,5.0,2066.0,0.00242600679282
31521_1962.txt,country:FRA,party:MRP Popular Republican Movement,year:1962,8.0,13729.0,0.000583047882807
31621_1962.txt,country:FRA,party:RPR Rally for the Republic - Gaullists,year:1962,1.0,3503.0,0.000285551113649
31622_1962.txt,country:FRA,party:Union for a New Majority - Conservatives/Gaullists,year:1962,0.0,951.0,0.0
31220_1962.txt,country:FRA,party:PCF French Communist Party,year:1962,2.0,1482.0,0.00135135135135
31421_1962.txt,country:FRA,party:RRRS Radical Socialist Party,year:1962,12.0,17290.0,0.000694524829263
31220_1978.txt,country:FRA,party:PCF French Communist Party,year:1978,5.0,45196.0,0.000110641499414
31220_1967.txt,country:FRA,party:PCF French Communist Party,year:1967,0.0,2311.0,0.0
31621_1967.txt,country:FRA,party:RPR Rally for the Republic - Gaullists,year:1967,0.0,1768.0,0.0
31522_1967.txt,country:FRA,party:PDM Progress and Modern Democracy,year:1967,3.0,7103.0,0.000422535211268
31320_1997.txt,country:FRA,party:PS Socialist Party,year:1997,1.0,4595.0,0.000217675228559
31720_1997.txt,country:FRA,party:FN National Front,year:1997,1.0,1058.0,0.000946073793756
31110_1997.txt,country:FRA,party:Les Verts The Greens,year:1997,1.0,1264.0,0.000791765637371
31220_1997.txt,country:FRA,party:PCF French Communist Party,year:1997,2.0,5685.0,0.000351926799226
31111_1997.txt,country:FRA,party:GE Ecology Generation,year:1997,0.0,2552.0,0.0
31624_1997.txt,country:FRA,party:MoDem Democartic Mouvement,year:1997,0.0,1822.0,0.0
31220_1988.txt,country:FRA,party:PCF French Communist Party,year:1988,9.0,4990.0,0.00180686609115
31320_1988.txt,country:FRA,party:PS Socialist Party,year:1988,27.0,75339.0,0.000358508604207
31621_1988.txt,country:FRA,party:RPR Rally for the Republic - Gaullists,year:1988,1.0,4659.0,0.000214684413912
31220_1986.txt,country:FRA,party:PCF French Communist Party,year:1986,2.0,7279.0,0.000274838532362
31621_1986.txt,country:FRA,party:RPR Rally for the Republic - Gaullists,year:1986,3.0,5203.0,0.000576923076923
31320_1986.txt,country:FRA,party:PS Socialist Party,year:1986,1.0,5734.0,0.000174428745857
31320_1993.txt,country:FRA,party:PS Socialist Party,year:1993,2.0,2489.0,0.000804181745074
31624_1993.txt,country:FRA,party:MoDem Democartic Mouvement,year:1993,1.0,1432.0,0.000698812019567
31110_1993.txt,country:FRA,party:Les Verts The Greens,year:1993,1.0,2624.0,0.000381242851697
31625_1993.txt,country:FRA,party:RPR Rally for the Republic,year:1993,4.0,21403.0,0.000186924622646
31621_1973.txt,country:FRA,party:RPR Rally for the Republic - Gaullists,year:1973,3.0,13812.0,0.000217249619813
31220_1973.txt,country:FRA,party:PCF French Communist Party,year:1973,4.0,39440.0,0.000101430165331
31320_1968.txt,country:FRA,party:PS Socialist Party,year:1968,1.0,2911.0,0.000343642611684
31522_1968.txt,country:FRA,party:PDM Progress and Modern Democracy,year:1968,3.0,1903.0,0.00157894736842
31621_1968.txt,country:FRA,party:RPR Rally for the Republic - Gaullists,year:1968,0.0,984.0,0.0
31624_2002.txt,country:FRA,party:MoDem Democartic Mouvement,year:2002,5.0,20583.0,0.000242977937603
31320_2002.txt,country:FRA,party:PS Socialist Party,year:2002,1.0,6418.0,0.000155836060464
31220_2002.txt,country:FRA,party:PCF French Communist Party,year:2002,0.0,2077.0,0.0
31720_2002.txt,country:FRA,party:FN National Front,year:2002,24.0,33208.0,0.000723240115718
31626_2002.txt,country:FRA,party:UMP Union for a Popular Movement,year:2002,0.0,2474.0,0.0
31110_2002.txt,country:FRA,party:Les Verts The Greens,year:2002,0.0,3463.0,0.0
31220_1958.txt,country:FRA,party:PCF French Communist Party,year:1958,0.0,1620.0,0.0
31521_1958.txt,country:FRA,party:MRP Popular Republican Movement,year:1958,1.0,15402.0,6.49308486462e-05
31622_1981.txt,country:FRA,party:Union for a New Majority - Conservatives/Gaullists,year:1981,0.0,1656.0,0.0
31621_1981.txt,country:FRA,party:RPR Rally for the Republic - Gaullists,year:1981,7.0,10358.0,0.000676263162979
31220_1981.txt,country:FRA,party:PCF French Communist Party,year:1981,20.0,9035.0,0.00221852468109
31320_1981.txt,country:FRA,party:PS Socialist Party,year:1981,3.0,3983.0,0.000753768844221
